Date,High,Low,Open,Close,Volume,Adj Close
2015-03-11,9055.0,9015.0,9015.0,9045.0,49273.0,9045.0
2015-03-12,8980.0,8925.0,8980.0,8965.0,149323.0,8965.0
2015-03-13,9020.0,8970.0,8975.0,9010.0,34662.0,9010.0
2015-03-16,9025.0,8965.0,8980.0,9025.0,64476.0,9025.0
2015-03-17,8985.0,8930.0,8985.0,8930.0,109485.0,8930.0
2015-03-18,9100.0,8910.0,9100.0,8915.0,78694.0,8915.0
2015-03-19,9100.0,9045.0,9100.0,9100.0,117890.0,9100.0
2015-03-20,9110.0,9050.0,9110.0,9085.0,42711.0,9085.0
2015-03-23,9170.0,9145.0,9160.0,9165.0,56457.0,9165.0
2015-03-24,9200.0,9180.0,9180.0,9195.0,75252.0,9195.0
2015-03-25,9250.0,9200.0,9235.0,9205.0,51258.0,9205.0
2015-03-26,9270.0,9225.0,9240.0,9260.0,87250.0,9260.0
2015-03-27,9300.0,9275.0,9295.0,9290.0,45393.0,9290.0
2015-03-30,9290.0,9210.0,9290.0,9215.0,55844.0,9215.0
2015-03-31,9215.0,9135.0,9215.0,9170.0,28814.0,9170.0
2015-04-01,9190.0,9145.0,9145.0,9175.0,27703.0,9175.0
2015-04-02,9300.0,9270.0,9285.0,9290.0,72465.0,9290.0
2015-04-03,9295.0,9255.0,9295.0,9280.0,38499.0,9280.0
2015-04-06,9440.0,9385.0,9390.0,9385.0,106294.0,9385.0
2015-04-07,9410.0,9365.0,9400.0,9400.0,27951.0,9400.0
2015-04-08,9400.0,9330.0,9400.0,9335.0,22499.0,9335.0
2015-04-09,9330.0,9230.0,9330.0,9265.0,42823.0,9265.0
2015-04-10,9285.0,9210.0,9255.0,9275.0,38865.0,9275.0
2015-04-13,9350.0,9285.0,9315.0,9310.0,32417.0,9310.0
2015-04-14,9325.0,9255.0,9310.0,9290.0,61061.0,9290.0
2015-04-15,9270.0,9235.0,9250.0,9255.0,38124.0,9255.0
2015-04-16,9345.0,9280.0,9300.0,9320.0,46778.0,9320.0
2015-04-17,9305.0,9260.0,9305.0,9300.0,27931.0,9300.0
2015-04-20,9355.0,9315.0,9320.0,9315.0,41551.0,9315.0
2015-04-21,9290.0,9225.0,9290.0,9260.0,33168.0,9260.0
2015-04-22,9305.0,9265.0,9265.0,9295.0,44120.0,9295.0
2015-04-23,9235.0,9175.0,9235.0,9210.0,65724.0,9210.0
2015-04-24,9225.0,9190.0,9210.0,9220.0,27966.0,9220.0
2015-04-27,9165.0,9125.0,9150.0,9165.0,87711.0,9165.0
2015-04-28,9280.0,9245.0,9260.0,9270.0,47346.0,9270.0
2015-04-29,9360.0,9340.0,9345.0,9345.0,82375.0,9345.0
2015-04-30,9340.0,9300.0,9340.0,9305.0,27042.0,9305.0
2015-05-04,9175.0,9115.0,9135.0,9165.0,113959.0,9165.0
2015-05-06,9270.0,9220.0,9220.0,9260.0,55181.0,9260.0
2015-05-07,9235.0,9185.0,9235.0,9205.0,49143.0,9205.0
2015-05-08,9185.0,9145.0,9185.0,9150.0,76471.0,9150.0
2015-05-11,9200.0,9180.0,9180.0,9190.0,29159.0,9190.0
2015-05-12,9170.0,9140.0,9165.0,9150.0,52221.0,9150.0
2015-05-13,9220.0,9190.0,9205.0,9215.0,49460.0,9215.0
2015-05-14,9395.0,9355.0,9365.0,9375.0,154296.0,9375.0
2015-05-15,9450.0,9405.0,9440.0,9405.0,46123.0,9405.0
2015-05-18,9485.0,9425.0,9445.0,9485.0,76493.0,9485.0
2015-05-19,9480.0,9425.0,9470.0,9435.0,33368.0,9435.0
2015-05-20,9360.0,9330.0,9345.0,9340.0,67891.0,9340.0
2015-05-21,9375.0,9345.0,9375.0,9365.0,11329.0,9365.0
2015-05-22,9420.0,9315.0,9420.0,9335.0,32462.0,9335.0
2015-05-26,9355.0,9315.0,9355.0,9325.0,51504.0,9325.0
2015-05-27,9210.0,9180.0,9210.0,9205.0,120160.0,9205.0
2015-05-28,9210.0,9180.0,9210.0,9195.0,40504.0,9195.0
2015-05-29,9250.0,9195.0,9200.0,9250.0,24046.0,9250.0
2015-06-01,9235.0,9210.0,9230.0,9230.0,30255.0,9230.0
2015-06-02,9230.0,9175.0,9230.0,9195.0,44884.0,9195.0
2015-06-03,9235.0,9175.0,9175.0,9235.0,28061.0,9235.0
2015-06-04,9180.0,9145.0,9180.0,9165.0,71739.0,9165.0
2015-06-05,9150.0,9105.0,9150.0,9120.0,61707.0,9120.0
2015-06-08,9110.0,9055.0,9110.0,9070.0,109936.0,9070.0
2015-06-09,9095.0,9065.0,9080.0,9095.0,47719.0,9095.0
2015-06-10,9125.0,9080.0,9115.0,9120.0,39021.0,9120.0
2015-06-11,9180.0,9145.0,9180.0,9180.0,40771.0,9180.0
2015-06-12,9155.0,9140.0,9140.0,9140.0,26271.0,9140.0
2015-06-15,9150.0,9120.0,9140.0,9130.0,25502.0,9130.0
2015-06-16,9175.0,9145.0,9150.0,9170.0,35814.0,9170.0
2015-06-17,9150.0,9120.0,9150.0,9135.0,30105.0,9135.0
2015-06-18,9175.0,9145.0,9145.0,9175.0,29705.0,9175.0
2015-06-19,9285.0,9255.0,9265.0,9270.0,132447.0,9270.0
2015-06-22,9275.0,9235.0,9275.0,9255.0,36416.0,9255.0
2015-06-23,9195.0,9145.0,9165.0,9175.0,45888.0,9175.0
2015-06-24,9130.0,9105.0,9130.0,9115.0,44201.0,9115.0
2015-06-25,9115.0,9090.0,9100.0,9110.0,71432.0,9110.0
2015-06-26,9100.0,9080.0,9095.0,9080.0,72020.0,9080.0
2015-06-29,9160.0,9120.0,9120.0,9155.0,79335.0,9155.0
2015-06-30,9140.0,9095.0,9125.0,9125.0,78591.0,9125.0
2015-07-01,9120.0,9075.0,9120.0,9080.0,81846.0,9080.0
2015-07-02,9045.0,9025.0,9045.0,9035.0,69190.0,9035.0
2015-07-03,9035.0,9020.0,9025.0,9035.0,50331.0,9035.0
2015-07-06,9080.0,9020.0,9075.0,9030.0,82656.0,9030.0
2015-07-07,9045.0,9010.0,9030.0,9030.0,49090.0,9030.0
2015-07-08,9000.0,8905.0,9000.0,8930.0,138664.0,8930.0
2015-07-09,8980.0,8925.0,8940.0,8965.0,80982.0,8965.0
2015-07-10,8985.0,8940.0,8965.0,8980.0,43951.0,8980.0
2015-07-13,8995.0,8955.0,8980.0,8975.0,59936.0,8975.0
2015-07-14,8950.0,8930.0,8950.0,8940.0,40518.0,8940.0
2015-07-15,8940.0,8915.0,8915.0,8930.0,38913.0,8930.0
2015-07-16,8890.0,8860.0,8890.0,8875.0,75675.0,8875.0
2015-07-17,8855.0,8830.0,8850.0,8850.0,51335.0,8850.0
2015-07-20,8750.0,8420.0,8750.0,8545.0,314202.0,8545.0
2015-07-21,8535.0,8460.0,8475.0,8515.0,135507.0,8515.0
2015-07-22,8500.0,8420.0,8500.0,8425.0,147144.0,8425.0
2015-07-23,8485.0,8420.0,8425.0,8480.0,65883.0,8480.0
2015-07-24,8500.0,8310.0,8500.0,8375.0,170961.0,8375.0
2015-07-27,8480.0,8430.0,8455.0,8480.0,89654.0,8480.0
2015-07-28,8500.0,8425.0,8500.0,8475.0,76751.0,8475.0
2015-07-29,8475.0,8440.0,8470.0,8470.0,46617.0,8470.0
2015-07-30,8475.0,8425.0,8470.0,8440.0,47472.0,8440.0
2015-07-31,8420.0,8350.0,8415.0,8375.0,96473.0,8375.0
2015-08-03,8455.0,8410.0,8440.0,8440.0,47462.0,8440.0
2015-08-04,8370.0,8335.0,8365.0,8370.0,55788.0,8370.0
2015-08-05,8390.0,8355.0,8380.0,8390.0,18138.0,8390.0
2015-08-06,8380.0,8345.0,8370.0,8380.0,30221.0,8380.0
2015-08-07,8405.0,8380.0,8395.0,8390.0,84736.0,8390.0
2015-08-10,8460.0,8395.0,8410.0,8460.0,48750.0,8460.0
2015-08-11,8525.0,8435.0,8500.0,8495.0,66200.0,8495.0
2015-08-12,8570.0,8485.0,8535.0,8560.0,91594.0,8560.0
2015-08-13,8680.0,8640.0,8675.0,8650.0,76805.0,8650.0
2015-08-14,8650.0,8650.0,8650.0,8650.0,0.0,8650.0
2015-08-17,8635.0,8585.0,8610.0,8630.0,44642.0,8630.0
2015-08-18,8630.0,8605.0,8630.0,8630.0,49827.0,8630.0
2015-08-19,8635.0,8600.0,8605.0,8625.0,28807.0,8625.0
2015-08-20,8810.0,8695.0,8695.0,8790.0,90388.0,8790.0
2015-08-21,9010.0,8885.0,8935.0,8980.0,193056.0,8980.0
2015-08-24,8980.0,8915.0,8980.0,8940.0,180403.0,8940.0
2015-08-25,8920.0,8880.0,8890.0,8885.0,153916.0,8885.0
2015-08-26,8850.0,8735.0,8825.0,8755.0,97087.0,8755.0
2015-08-27,8705.0,8655.0,8660.0,8680.0,45330.0,8680.0
2015-08-28,8745.0,8685.0,8685.0,8720.0,26288.0,8720.0
2015-08-31,8770.0,8725.0,8755.0,8765.0,19800.0,8765.0
2015-09-01,8830.0,8750.0,8760.0,8810.0,35492.0,8810.0
2015-09-02,8810.0,8765.0,8810.0,8810.0,41441.0,8810.0
2015-09-03,8760.0,8730.0,8760.0,8735.0,27110.0,8735.0
2015-09-04,8705.0,8670.0,8705.0,8675.0,18519.0,8675.0
2015-09-07,8680.0,8630.0,8660.0,8680.0,17638.0,8680.0
2015-09-08,8660.0,8625.0,8660.0,8640.0,20784.0,8640.0
2015-09-09,8690.0,8645.0,8650.0,8675.0,24473.0,8675.0
2015-09-10,8565.0,8525.0,8565.0,8560.0,66209.0,8560.0
2015-09-11,8605.0,8580.0,8595.0,8590.0,70684.0,8590.0
2015-09-14,8575.0,8520.0,8540.0,8560.0,40075.0,8560.0
2015-09-15,8575.0,8550.0,8560.0,8565.0,22175.0,8565.0
2015-09-16,8545.0,8530.0,8545.0,8545.0,22949.0,8545.0
2015-09-17,8660.0,8635.0,8635.0,8660.0,29125.0,8660.0
2015-09-18,8735.0,8705.0,8715.0,8720.0,33143.0,8720.0
2015-09-21,8810.0,8770.0,8805.0,8805.0,51872.0,8805.0
2015-09-22,8770.0,8750.0,8760.0,8755.0,29854.0,8755.0
2015-09-23,8705.0,8665.0,8695.0,8705.0,38570.0,8705.0
2015-09-24,8765.0,8715.0,8740.0,8765.0,32454.0,8765.0
2015-09-25,8880.0,8840.0,8860.0,8850.0,55154.0,8850.0
2015-09-30,8740.0,8685.0,8710.0,8740.0,52975.0,8740.0
2015-10-01,8630.0,8605.0,8625.0,8615.0,47960.0,8615.0
2015-10-02,8620.0,8590.0,8620.0,8600.0,30372.0,8600.0
2015-10-05,8785.0,8750.0,8750.0,8755.0,62044.0,8755.0
2015-10-06,8785.0,8760.0,8760.0,8775.0,54973.0,8775.0
2015-10-07,8885.0,8825.0,8825.0,8880.0,51362.0,8880.0
2015-10-08,8850.0,8815.0,8830.0,8835.0,30117.0,8835.0
2015-10-12,9000.0,8910.0,8910.0,9000.0,50282.0,9000.0
2015-10-13,8990.0,8905.0,8955.0,8920.0,53625.0,8920.0
2015-10-14,9065.0,9000.0,9005.0,9055.0,102011.0,9055.0
2015-10-15,9160.0,9120.0,9135.0,9150.0,98560.0,9150.0
2015-10-16,9155.0,9080.0,9155.0,9100.0,57671.0,9100.0
2015-10-19,9090.0,9035.0,9085.0,9055.0,28969.0,9055.0
2015-10-20,9035.0,9005.0,9035.0,9015.0,21786.0,9015.0
2015-10-21,9100.0,9070.0,9080.0,9070.0,77887.0,9070.0
2015-10-22,9060.0,8990.0,9015.0,9010.0,146197.0,9010.0
2015-10-23,9035.0,8985.0,9010.0,9035.0,29791.0,9035.0
2015-10-26,9015.0,8965.0,9015.0,9000.0,42193.0,9000.0
2015-10-27,9000.0,8975.0,8980.0,9000.0,6838.0,9000.0
2015-10-28,9030.0,8990.0,9000.0,9030.0,15068.0,9030.0
2015-10-29,8980.0,8940.0,8955.0,8965.0,16083.0,8965.0
2015-10-30,8905.0,8830.0,8855.0,8905.0,29926.0,8905.0
2015-11-02,8820.0,8780.0,8805.0,8815.0,23943.0,8815.0
2015-11-03,8785.0,8750.0,8755.0,8785.0,28295.0,8785.0
2015-11-04,8670.0,8640.0,8655.0,8655.0,65617.0,8655.0
2015-11-05,8585.0,8560.0,8580.0,8565.0,122154.0,8565.0
2015-11-06,8570.0,8540.0,8545.0,8570.0,53854.0,8570.0
2015-11-09,8450.0,8410.0,8420.0,8445.0,100278.0,8445.0
2015-11-10,8445.0,8420.0,8440.0,8435.0,44902.0,8435.0
2015-11-11,8440.0,8405.0,8420.0,8440.0,43539.0,8440.0
2015-11-12,8410.0,8395.0,8400.0,8400.0,50765.0,8400.0
2015-11-13,8380.0,8335.0,8370.0,8365.0,68739.0,8365.0
2015-11-16,8460.0,8405.0,8405.0,8460.0,68320.0,8460.0
2015-11-17,8370.0,8320.0,8365.0,8325.0,98710.0,8325.0
2015-11-18,8265.0,8215.0,8260.0,8245.0,98961.0,8245.0
2015-11-19,8325.0,8250.0,8250.0,8310.0,120659.0,8310.0
2015-11-20,8370.0,8340.0,8350.0,8365.0,22961.0,8365.0
2015-11-23,8310.0,8235.0,8310.0,8255.0,60154.0,8255.0
2015-11-24,8270.0,8240.0,8260.0,8265.0,28897.0,8265.0
2015-11-25,8350.0,8240.0,8310.0,8325.0,63953.0,8325.0
2015-11-26,8290.0,8255.0,8260.0,8270.0,34352.0,8270.0
2015-11-27,8275.0,8225.0,8270.0,8240.0,56196.0,8240.0
2015-11-30,8160.0,8115.0,8155.0,8150.0,109182.0,8150.0
2015-12-01,8275.0,8185.0,8185.0,8255.0,37553.0,8255.0
2015-12-02,8260.0,8230.0,8255.0,8240.0,21933.0,8240.0
2015-12-03,8140.0,8075.0,8135.0,8120.0,249959.0,8120.0
2015-12-04,8200.0,8165.0,8190.0,8180.0,21709.0,8180.0
2015-12-07,8360.0,8335.0,8335.0,8350.0,113991.0,8350.0
2015-12-08,8275.0,8230.0,8260.0,8270.0,35779.0,8270.0
2015-12-09,8300.0,8275.0,8275.0,8295.0,34616.0,8295.0
2015-12-10,8295.0,8255.0,8275.0,8280.0,257305.0,8280.0
2015-12-11,8270.0,8205.0,8265.0,8245.0,22820.0,8245.0
2015-12-14,8295.0,8220.0,8220.0,8280.0,43914.0,8280.0
2015-12-15,8210.0,8185.0,8190.0,8200.0,17726.0,8200.0
2015-12-16,8215.0,8185.0,8185.0,8215.0,75362.0,8215.0
2015-12-17,8260.0,8210.0,8245.0,8225.0,26433.0,8225.0
2015-12-18,8145.0,8100.0,8120.0,8145.0,66133.0,8145.0
2015-12-21,8245.0,8185.0,8195.0,8230.0,31103.0,8230.0
2015-12-22,8315.0,8290.0,8290.0,8300.0,31274.0,8300.0
2015-12-23,8295.0,8265.0,8275.0,8295.0,14767.0,8295.0
2015-12-24,8290.0,8250.0,8250.0,8280.0,15835.0,8280.0
2015-12-28,8285.0,8250.0,8275.0,8270.0,20476.0,8270.0
2015-12-29,8275.0,8230.0,8240.0,8260.0,14175.0,8260.0
2015-12-30,8255.0,8220.0,8250.0,8250.0,16239.0,8250.0
2016-01-04,8270.0,8175.0,8215.0,8220.0,118635.0,8220.0
2016-01-05,8305.0,8255.0,8255.0,8305.0,41826.0,8305.0
2016-01-06,8310.0,8290.0,8300.0,8305.0,36311.0,8305.0
2016-01-07,8490.0,8405.0,8415.0,8455.0,134496.0,8455.0
2016-01-08,8575.0,8490.0,8540.0,8510.0,189712.0,8510.0
2016-01-11,8545.0,8505.0,8530.0,8515.0,39459.0,8515.0
2016-01-12,8475.0,8440.0,8470.0,8450.0,38489.0,8450.0
2016-01-13,8395.0,8350.0,8390.0,8365.0,33943.0,8365.0
2016-01-14,8450.0,8420.0,8440.0,8425.0,45805.0,8425.0
2016-01-15,8365.0,8300.0,8325.0,8350.0,37962.0,8350.0
2016-01-18,8435.0,8395.0,8415.0,8415.0,63055.0,8415.0
2016-01-19,8415.0,8365.0,8405.0,8405.0,30311.0,8405.0
2016-01-20,8430.0,8385.0,8385.0,8415.0,45170.0,8415.0
2016-01-21,8500.0,8455.0,8465.0,8495.0,100584.0,8495.0
2016-01-22,8490.0,8460.0,8490.0,8480.0,276143.0,8480.0
2016-01-25,8510.0,8465.0,8480.0,8505.0,100073.0,8505.0
2016-01-26,8595.0,8545.0,8550.0,8590.0,73839.0,8590.0
2016-01-27,8660.0,8620.0,8630.0,8650.0,67653.0,8650.0
2016-01-28,8675.0,8635.0,8670.0,8645.0,23867.0,8645.0
2016-01-29,8625.0,8575.0,8620.0,8610.0,37743.0,8610.0
2016-02-01,8655.0,8610.0,8635.0,8650.0,50810.0,8650.0
2016-02-02,8715.0,8670.0,8700.0,8680.0,30165.0,8680.0
2016-02-03,8720.0,8690.0,8710.0,8710.0,109898.0,8710.0
2016-02-04,8820.0,8795.0,8810.0,8815.0,108266.0,8815.0
2016-02-05,8930.0,8900.0,8910.0,8905.0,106613.0,8905.0
2016-02-11,9350.0,9235.0,9235.0,9305.0,479515.0,9305.0
2016-02-12,9590.0,9505.0,9560.0,9560.0,378747.0,9560.0
2016-02-15,9525.0,9385.0,9515.0,9420.0,325026.0,9420.0
2016-02-16,9335.0,9185.0,9335.0,9230.0,261675.0,9230.0
2016-02-17,9350.0,9235.0,9275.0,9305.0,179610.0,9305.0
2016-02-18,9345.0,9310.0,9310.0,9330.0,119392.0,9330.0
2016-02-19,9510.0,9455.0,9500.0,9465.0,103528.0,9465.0
2016-02-22,9485.0,9400.0,9470.0,9400.0,97610.0,9400.0
2016-02-23,9445.0,9325.0,9330.0,9405.0,142332.0,9405.0
2016-02-24,9510.0,9455.0,9495.0,9480.0,163595.0,9480.0
2016-02-25,9555.0,9460.0,9475.0,9550.0,113007.0,9550.0
2016-02-26,9580.0,9520.0,9530.0,9575.0,72803.0,9575.0
2016-02-29,9495.0,9425.0,9445.0,9495.0,59621.0,9495.0
2016-03-02,9530.0,9460.0,9525.0,9470.0,191646.0,9470.0
2016-03-03,9600.0,9560.0,9585.0,9570.0,77361.0,9570.0
2016-03-04,9755.0,9700.0,9725.0,9745.0,142158.0,9745.0
2016-03-07,9790.0,9710.0,9755.0,9725.0,67391.0,9725.0
2016-03-08,9815.0,9760.0,9770.0,9790.0,126211.0,9790.0
2016-03-09,9775.0,9670.0,9755.0,9685.0,47065.0,9685.0
2016-03-10,9690.0,9635.0,9680.0,9640.0,34029.0,9640.0
2016-03-11,9895.0,9790.0,9800.0,9835.0,150548.0,9835.0
2016-03-14,9695.0,9655.0,9665.0,9680.0,52501.0,9680.0
2016-03-15,9530.0,9450.0,9515.0,9460.0,113346.0,9460.0
2016-03-16,9515.0,9475.0,9490.0,9500.0,50055.0,9500.0
2016-03-17,9740.0,9685.0,9720.0,9720.0,112485.0,9720.0
2016-03-18,9810.0,9735.0,9755.0,9790.0,171311.0,9790.0
2016-03-21,9685.0,9600.0,9670.0,9600.0,46150.0,9600.0
2016-03-22,9630.0,9585.0,9585.0,9620.0,64654.0,9620.0
2016-03-23,9640.0,9510.0,9640.0,9520.0,43896.0,9520.0
2016-03-24,9430.0,9365.0,9430.0,9395.0,63038.0,9395.0
2016-03-25,9545.0,9380.0,9395.0,9535.0,110646.0,9535.0
2016-03-28,9500.0,9325.0,9500.0,9385.0,98671.0,9385.0
2016-03-29,9435.0,9390.0,9395.0,9405.0,31559.0,9405.0
2016-03-30,9580.0,9510.0,9540.0,9545.0,61365.0,9545.0
2016-03-31,9490.0,9450.0,9465.0,9490.0,16604.0,9490.0
2016-04-01,9520.0,9480.0,9480.0,9505.0,84147.0,9505.0
2016-04-04,9425.0,9370.0,9425.0,9380.0,64300.0,9380.0
2016-04-05,9460.0,9355.0,9385.0,9450.0,25092.0,9450.0
2016-04-06,9500.0,9470.0,9490.0,9485.0,16417.0,9485.0
2016-04-07,9495.0,9435.0,9460.0,9490.0,18000.0,9490.0
2016-04-08,9545.0,9525.0,9545.0,9530.0,12153.0,9530.0
2016-04-11,9665.0,9585.0,9590.0,9625.0,43091.0,9625.0
2016-04-12,9700.0,9650.0,9700.0,9670.0,27498.0,9670.0
2016-04-14,9640.0,9490.0,9515.0,9535.0,67317.0,9535.0
2016-04-15,9495.0,9455.0,9495.0,9495.0,45767.0,9495.0
2016-04-18,9555.0,9495.0,9555.0,9510.0,43352.0,9510.0
2016-04-19,9520.0,9470.0,9490.0,9520.0,34245.0,9520.0
2016-04-20,9690.0,9615.0,9625.0,9615.0,82554.0,9615.0
2016-04-21,9670.0,9585.0,9585.0,9670.0,53953.0,9670.0
2016-04-22,9645.0,9590.0,9625.0,9615.0,36654.0,9615.0
2016-04-25,9535.0,9490.0,9520.0,9535.0,17657.0,9535.0
2016-04-26,9560.0,9520.0,9535.0,9535.0,17645.0,9535.0
2016-04-27,9600.0,9565.0,9565.0,9580.0,7681.0,9580.0
2016-04-28,9650.0,9555.0,9600.0,9650.0,34929.0,9650.0
2016-04-29,9870.0,9740.0,9740.0,9820.0,157278.0,9820.0
2016-05-02,9995.0,9945.0,9965.0,9970.0,89293.0,9970.0
2016-05-03,9995.0,9930.0,9960.0,9930.0,66807.0,9930.0
2016-05-04,9915.0,9850.0,9910.0,9860.0,132107.0,9860.0
2016-05-09,9925.0,9855.0,9900.0,9855.0,65814.0,9855.0
2016-05-10,9770.0,9710.0,9740.0,9750.0,78582.0,9750.0
2016-05-11,9805.0,9735.0,9750.0,9790.0,50391.0,9790.0
2016-05-12,9865.0,9795.0,9835.0,9800.0,54779.0,9800.0
2016-05-13,9820.0,9755.0,9775.0,9820.0,14253.0,9820.0
2016-05-16,9850.0,9790.0,9825.0,9835.0,35012.0,9835.0
2016-05-17,9875.0,9810.0,9835.0,9855.0,29049.0,9855.0
2016-05-18,9870.0,9800.0,9870.0,9800.0,31994.0,9800.0
2016-05-19,9720.0,9645.0,9705.0,9670.0,78432.0,9670.0
2016-05-20,9690.0,9650.0,9660.0,9650.0,27645.0,9650.0
2016-05-23,9670.0,9630.0,9635.0,9630.0,22722.0,9630.0
2016-05-24,9665.0,9585.0,9665.0,9600.0,16626.0,9600.0
2016-05-25,9480.0,9430.0,9450.0,9450.0,50049.0,9450.0
2016-05-26,9500.0,9420.0,9430.0,9485.0,136706.0,9485.0
2016-05-27,9465.0,9345.0,9465.0,9405.0,37823.0,9405.0
2016-05-30,9315.0,9240.0,9300.0,9260.0,57354.0,9260.0
2016-05-31,9340.0,9300.0,9300.0,9325.0,16017.0,9325.0
2016-06-01,9380.0,9340.0,9350.0,9360.0,19936.0,9360.0
2016-06-02,9360.0,9320.0,9360.0,9345.0,10543.0,9345.0
2016-06-03,9345.0,9285.0,9310.0,9315.0,40277.0,9315.0
2016-06-07,9600.0,9555.0,9570.0,9560.0,42629.0,9560.0
2016-06-08,9610.0,9560.0,9560.0,9610.0,23261.0,9610.0
2016-06-09,9740.0,9700.0,9720.0,9700.0,41598.0,9700.0
2016-06-10,9765.0,9730.0,9765.0,9755.0,53065.0,9755.0
2016-06-13,9865.0,9790.0,9820.0,9865.0,96925.0,9865.0
2016-06-14,9890.0,9835.0,9890.0,9835.0,77266.0,9835.0
2016-06-15,9915.0,9865.0,9885.0,9915.0,57772.0,9915.0
2016-06-16,10050.0,9945.0,9945.0,10020.0,205268.0,10020.0
2016-06-17,9910.0,9850.0,9865.0,9900.0,101148.0,9900.0
2016-06-20,9935.0,9850.0,9910.0,9860.0,76688.0,9860.0
2016-06-21,9965.0,9880.0,9910.0,9895.0,96235.0,9895.0
2016-06-22,9780.0,9710.0,9775.0,9710.0,87865.0,9710.0
2016-06-23,9760.0,9700.0,9735.0,9745.0,111665.0,9745.0
2016-06-24,10470.0,9740.0,9740.0,10190.0,666510.0,10190.0
2016-06-27,10600.0,10205.0,10465.0,10260.0,564906.0,10260.0
2016-06-28,10275.0,10120.0,10265.0,10165.0,208350.0,10165.0
2016-06-29,10190.0,10115.0,10120.0,10185.0,118853.0,10185.0
2016-06-30,10165.0,10105.0,10165.0,10125.0,89471.0,10125.0
2016-07-01,10290.0,10155.0,10160.0,10280.0,128124.0,10280.0
2016-07-04,10445.0,10315.0,10330.0,10380.0,138730.0,10380.0
2016-07-05,10440.0,10310.0,10395.0,10365.0,112561.0,10365.0
2016-07-06,10565.0,10480.0,10485.0,10560.0,145056.0,10560.0
2016-07-07,10565.0,10520.0,10550.0,10555.0,90662.0,10555.0
2016-07-08,10500.0,10435.0,10500.0,10470.0,78694.0,10470.0
2016-07-11,10570.0,10495.0,10540.0,10500.0,134155.0,10500.0
2016-07-12,10470.0,10405.0,10420.0,10425.0,65060.0,10425.0
2016-07-13,10325.0,10220.0,10220.0,10320.0,176433.0,10320.0
2016-07-14,10380.0,10270.0,10380.0,10275.0,29712.0,10275.0
2016-07-15,10280.0,10195.0,10275.0,10280.0,48064.0,10280.0
2016-07-18,10260.0,10195.0,10245.0,10230.0,39919.0,10230.0
2016-07-19,10245.0,10190.0,10230.0,10235.0,42965.0,10235.0
2016-07-20,10280.0,10210.0,10280.0,10210.0,28408.0,10210.0
2016-07-21,10135.0,10090.0,10125.0,10120.0,32409.0,10120.0
2016-07-22,10250.0,10190.0,10235.0,10200.0,44832.0,10200.0
2016-07-25,10200.0,10100.0,10200.0,10125.0,27785.0,10125.0
2016-07-26,10170.0,10110.0,10125.0,10135.0,24923.0,10135.0
2016-07-27,10160.0,10120.0,10155.0,10125.0,17021.0,10125.0
2016-07-28,10300.0,10270.0,10285.0,10295.0,79063.0,10295.0
2016-07-29,10325.0,10240.0,10300.0,10290.0,42549.0,10290.0
2016-08-01,10385.0,10340.0,10355.0,10340.0,51678.0,10340.0
2016-08-02,10395.0,10345.0,10385.0,10395.0,96814.0,10395.0
2016-08-03,10495.0,10455.0,10455.0,10495.0,67464.0,10495.0
2016-08-04,10450.0,10360.0,10420.0,10365.0,32729.0,10365.0
2016-08-05,10480.0,10435.0,10475.0,10480.0,53686.0,10480.0
2016-08-08,10275.0,10240.0,10265.0,10265.0,40245.0,10265.0
2016-08-09,10260.0,10205.0,10245.0,10205.0,17609.0,10205.0
2016-08-10,10395.0,10290.0,10290.0,10390.0,61008.0,10390.0
2016-08-11,10365.0,10295.0,10365.0,10295.0,87036.0,10295.0
2016-08-12,10300.0,10250.0,10270.0,10280.0,17247.0,10280.0
2016-08-16,10360.0,10290.0,10310.0,10360.0,32975.0,10360.0
2016-08-17,10360.0,10290.0,10360.0,10300.0,83896.0,10300.0
2016-08-18,10395.0,10355.0,10355.0,10365.0,26503.0,10365.0
2016-08-19,10380.0,10320.0,10380.0,10365.0,21919.0,10365.0
2016-08-22,10260.0,10210.0,10235.0,10225.0,21883.0,10225.0
2016-08-23,10280.0,10245.0,10265.0,10260.0,15597.0,10260.0
2016-08-24,10280.0,10235.0,10255.0,10235.0,13160.0,10235.0
2016-08-25,10180.0,10130.0,10180.0,10150.0,36703.0,10150.0
2016-08-26,10160.0,10110.0,10110.0,10125.0,69988.0,10125.0
2016-08-29,10150.0,10080.0,10120.0,10095.0,26237.0,10095.0
2016-08-30,10140.0,10105.0,10130.0,10105.0,47648.0,10105.0
2016-08-31,10090.0,10035.0,10040.0,10050.0,236189.0,10050.0
2016-09-01,10050.0,10015.0,10050.0,10040.0,8046.0,10040.0
2016-09-02,10105.0,10030.0,10105.0,10030.0,15231.0,10030.0
2016-09-05,10165.0,10125.0,10130.0,10165.0,44541.0,10165.0
2016-09-06,10190.0,10150.0,10165.0,10165.0,10638.0,10165.0
2016-09-07,10375.0,10330.0,10335.0,10355.0,56623.0,10355.0
2016-09-08,10335.0,10295.0,10300.0,10330.0,10939.0,10330.0
2016-09-09,10275.0,10230.0,10275.0,10250.0,17117.0,10250.0
2016-09-12,10210.0,10150.0,10210.0,10160.0,29055.0,10160.0
2016-09-13,10195.0,10165.0,10175.0,10170.0,20538.0,10170.0
2016-09-19,10090.0,10030.0,10070.0,10090.0,26498.0,10090.0
2016-09-20,10100.0,10045.0,10045.0,10095.0,6886.0,10095.0
2016-09-21,10110.0,10035.0,10100.0,10100.0,18360.0,10100.0
2016-09-22,10245.0,10195.0,10200.0,10235.0,21167.0,10235.0
2016-09-23,10275.0,10185.0,10240.0,10230.0,163898.0,10230.0
2016-09-26,10285.0,10200.0,10240.0,10230.0,47833.0,10230.0
2016-09-27,10250.0,10205.0,10235.0,10240.0,40656.0,10240.0
2016-09-28,10180.0,10130.0,10180.0,10165.0,13764.0,10165.0
2016-09-29,10160.0,10120.0,10160.0,10145.0,10818.0,10145.0
2016-09-30,10175.0,10125.0,10150.0,10175.0,12498.0,10175.0
2016-10-04,10065.0,10015.0,10065.0,10025.0,81533.0,10025.0
2016-10-05,9785.0,9700.0,9740.0,9725.0,90568.0,9725.0
2016-10-06,9730.0,9680.0,9730.0,9705.0,69967.0,9705.0
2016-10-07,9635.0,9565.0,9605.0,9595.0,41761.0,9595.0
2016-10-10,9685.0,9600.0,9670.0,9685.0,43001.0,9685.0
2016-10-11,9645.0,9595.0,9620.0,9630.0,77342.0,9630.0
2016-10-12,9620.0,9580.0,9580.0,9600.0,179304.0,9600.0
2016-10-13,9660.0,9580.0,9610.0,9660.0,56932.0,9660.0
2016-10-14,9640.0,9580.0,9635.0,9595.0,10544.0,9595.0
2016-10-17,9600.0,9560.0,9600.0,9590.0,10788.0,9590.0
2016-10-18,9650.0,9575.0,9575.0,9615.0,27230.0,9615.0
2016-10-19,9675.0,9635.0,9645.0,9650.0,20607.0,9650.0
2016-10-20,9745.0,9690.0,9730.0,9730.0,30036.0,9730.0
2016-10-21,9695.0,9640.0,9690.0,9680.0,15126.0,9680.0
2016-10-24,9680.0,9645.0,9680.0,9670.0,12447.0,9670.0
2016-10-25,9695.0,9645.0,9680.0,9695.0,24751.0,9695.0
2016-10-26,9765.0,9715.0,9730.0,9755.0,38973.0,9755.0
2016-10-27,9715.0,9665.0,9700.0,9700.0,34209.0,9700.0
2016-10-28,9735.0,9685.0,9720.0,9700.0,32229.0,9700.0
2016-10-31,9805.0,9750.0,9760.0,9790.0,30123.0,9790.0
2016-11-01,9790.0,9750.0,9780.0,9780.0,13883.0,9780.0
2016-11-02,9905.0,9825.0,9825.0,9905.0,96998.0,9905.0
2016-11-03,10000.0,9910.0,9910.0,9960.0,78605.0,9960.0
2016-11-04,9980.0,9910.0,9980.0,9925.0,26815.0,9925.0
2016-11-07,9905.0,9840.0,9880.0,9855.0,62636.0,9855.0
2016-11-08,9830.0,9775.0,9825.0,9800.0,32688.0,9800.0
2016-11-09,10255.0,9715.0,9760.0,10085.0,408237.0,10085.0
2016-11-10,9870.0,9685.0,9740.0,9855.0,115939.0,9855.0
2016-11-11,9685.0,9590.0,9665.0,9670.0,154363.0,9670.0
2016-11-14,9405.0,9260.0,9400.0,9325.0,165363.0,9325.0
2016-11-15,9415.0,9350.0,9350.0,9390.0,50874.0,9390.0
2016-11-16,9435.0,9375.0,9390.0,9430.0,46160.0,9430.0
2016-11-17,9395.0,9355.0,9390.0,9380.0,41651.0,9380.0
2016-11-18,9320.0,9190.0,9295.0,9200.0,112568.0,9200.0
2016-11-21,9280.0,9210.0,9230.0,9280.0,49802.0,9280.0
2016-11-22,9340.0,9280.0,9280.0,9320.0,157611.0,9320.0
2016-11-23,9295.0,9255.0,9275.0,9255.0,100216.0,9255.0
2016-11-24,9095.0,9030.0,9095.0,9040.0,150406.0,9040.0
2016-11-25,9075.0,8950.0,9055.0,9025.0,100360.0,9025.0
2016-11-28,9135.0,9020.0,9020.0,9095.0,59989.0,9095.0
2016-11-29,9140.0,9085.0,9095.0,9110.0,59155.0,9110.0
2016-11-30,9110.0,9050.0,9085.0,9075.0,66759.0,9075.0
2016-12-01,8990.0,8880.0,8960.0,8990.0,171182.0,8990.0
2016-12-02,8990.0,8940.0,8965.0,8965.0,66053.0,8965.0
2016-12-05,9030.0,8950.0,9020.0,8995.0,66319.0,8995.0
2016-12-06,8970.0,8930.0,8935.0,8930.0,80751.0,8930.0
2016-12-07,8945.0,8910.0,8940.0,8935.0,56584.0,8935.0
2016-12-08,9000.0,8955.0,8980.0,8990.0,34164.0,8990.0
2016-12-09,8995.0,8900.0,8990.0,8920.0,131094.0,8920.0
2016-12-12,8855.0,8810.0,8855.0,8835.0,102180.0,8835.0
2016-12-13,8905.0,8855.0,8880.0,8870.0,183496.0,8870.0
2016-12-14,8870.0,8835.0,8865.0,8865.0,469985.0,8865.0
2016-12-15,8745.0,8660.0,8740.0,8730.0,305372.0,8730.0
2016-12-16,8650.0,8580.0,8600.0,8650.0,219849.0,8650.0
2016-12-19,8715.0,8660.0,8660.0,8715.0,131921.0,8715.0
2016-12-20,8720.0,8675.0,8710.0,8680.0,122298.0,8680.0
2016-12-21,8685.0,8635.0,8655.0,8685.0,91774.0,8685.0
2016-12-22,8660.0,8615.0,8660.0,8630.0,139013.0,8630.0
2016-12-23,8645.0,8610.0,8625.0,8640.0,95281.0,8640.0
2016-12-26,8840.0,8670.0,8690.0,8825.0,65585.0,8825.0
2016-12-27,8720.0,8650.0,8680.0,8720.0,240022.0,8720.0
2016-12-28,8735.0,8700.0,8710.0,8735.0,87444.0,8735.0
2016-12-29,8785.0,8725.0,8730.0,8780.0,121821.0,8780.0
2017-01-02,8935.0,8810.0,8810.0,8900.0,205577.0,8900.0
2017-01-03,8850.0,8780.0,8795.0,8845.0,256812.0,8845.0
2017-01-04,8890.0,8835.0,8845.0,8890.0,179899.0,8890.0
2017-01-05,8995.0,8905.0,8905.0,8990.0,164863.0,8990.0
2017-01-06,9035.0,8980.0,9035.0,8990.0,253721.0,8990.0
2017-01-09,8980.0,8950.0,8960.0,8965.0,108224.0,8965.0
2017-01-10,9070.0,8995.0,9005.0,9060.0,130480.0,9060.0
2017-01-11,9080.0,9030.0,9060.0,9075.0,137416.0,9075.0
2017-01-12,9140.0,9070.0,9075.0,9140.0,171786.0,9140.0
2017-01-13,9130.0,9045.0,9130.0,9090.0,334858.0,9090.0
2017-01-16,9155.0,9100.0,9125.0,9140.0,110242.0,9140.0
2017-01-17,9220.0,9145.0,9160.0,9220.0,145751.0,9220.0
2017-01-18,9275.0,9235.0,9240.0,9250.0,166172.0,9250.0
2017-01-19,9220.0,9125.0,9220.0,9165.0,152523.0,9165.0
2017-01-20,9205.0,9135.0,9150.0,9205.0,94316.0,9205.0
2017-01-23,9285.0,9225.0,9230.0,9280.0,107561.0,9280.0
2017-01-24,9300.0,9240.0,9290.0,9270.0,136901.0,9270.0
2017-01-25,9220.0,9150.0,9220.0,9150.0,90964.0,9150.0
2017-01-26,9140.0,9080.0,9115.0,9090.0,201644.0,9090.0
2017-01-31,9170.0,9070.0,9090.0,9170.0,144238.0,9170.0
2017-02-01,9230.0,9175.0,9215.0,9180.0,147857.0,9180.0
2017-02-02,9260.0,9165.0,9165.0,9260.0,152077.0,9260.0
2017-02-03,9295.0,9210.0,9295.0,9260.0,129551.0,9260.0
2017-02-06,9330.0,9260.0,9285.0,9325.0,118957.0,9325.0
2017-02-07,9410.0,9340.0,9350.0,9380.0,160606.0,9380.0
2017-02-08,9410.0,9335.0,9395.0,9400.0,122978.0,9400.0
2017-02-09,9450.0,9400.0,9415.0,9450.0,174655.0,9450.0
2017-02-10,9345.0,9275.0,9340.0,9320.0,297011.0,9320.0
2017-02-13,9375.0,9315.0,9325.0,9370.0,81635.0,9370.0
2017-02-14,9350.0,9305.0,9330.0,9335.0,92561.0,9335.0
2017-02-15,9330.0,9300.0,9330.0,9305.0,131097.0,9305.0
2017-02-16,9395.0,9335.0,9335.0,9385.0,97219.0,9385.0
2017-02-17,9430.0,9385.0,9425.0,9385.0,108210.0,9385.0
2017-02-20,9400.0,9355.0,9385.0,9380.0,89725.0,9380.0
2017-02-21,9420.0,9340.0,9400.0,9385.0,86331.0,9385.0
2017-02-22,9410.0,9360.0,9400.0,9365.0,56299.0,9365.0
2017-02-23,9405.0,9375.0,9380.0,9395.0,54675.0,9395.0
2017-02-24,9500.0,9445.0,9470.0,9500.0,308782.0,9500.0
2017-02-27,9555.0,9515.0,9515.0,9550.0,134282.0,9550.0
2017-02-28,9530.0,9495.0,9505.0,9510.0,129981.0,9510.0
2017-03-02,9480.0,9435.0,9480.0,9460.0,104186.0,9460.0
2017-03-03,9400.0,9330.0,9365.0,9345.0,111277.0,9345.0
2017-03-06,9385.0,9330.0,9375.0,9335.0,165348.0,9335.0
2017-03-07,9345.0,9285.0,9340.0,9295.0,46670.0,9295.0
2017-03-08,9250.0,9200.0,9205.0,9245.0,50831.0,9245.0
2017-03-09,9185.0,9140.0,9185.0,9150.0,81699.0,9150.0
2017-03-10,9130.0,9100.0,9120.0,9115.0,104503.0,9115.0
2017-03-13,9185.0,9145.0,9150.0,9185.0,150040.0,9185.0
2017-03-14,9165.0,9140.0,9140.0,9145.0,88768.0,9145.0
2017-03-15,9200.0,9110.0,9140.0,9155.0,115124.0,9155.0
2017-03-16,9320.0,9250.0,9265.0,9310.0,92006.0,9310.0
2017-03-17,9345.0,9295.0,9315.0,9345.0,78660.0,9345.0
2017-03-20,9395.0,9340.0,9340.0,9380.0,89569.0,9380.0
2017-03-21,9385.0,9290.0,9380.0,9330.0,123092.0,9330.0
2017-03-22,9445.0,9410.0,9435.0,9420.0,212604.0,9420.0
2017-03-23,9475.0,9415.0,9415.0,9445.0,74309.0,9445.0
2017-03-24,9455.0,9410.0,9440.0,9430.0,35660.0,9430.0
2017-03-27,9560.0,9480.0,9480.0,9560.0,188671.0,9560.0
2017-03-28,9530.0,9480.0,9530.0,9490.0,101379.0,9490.0
2017-03-29,9475.0,9430.0,9470.0,9465.0,89121.0,9465.0
2017-03-30,9500.0,9450.0,9460.0,9470.0,42426.0,9470.0
2017-03-31,9445.0,9380.0,9395.0,9390.0,72485.0,9390.0
2017-04-03,9460.0,9425.0,9450.0,9435.0,45487.0,9435.0
2017-04-04,9535.0,9485.0,9490.0,9530.0,139824.0,9530.0
2017-04-05,9530.0,9480.0,9500.0,9525.0,171300.0,9525.0
2017-04-06,9530.0,9475.0,9510.0,9475.0,68265.0,9475.0
2017-04-07,9610.0,9465.0,9470.0,9565.0,139315.0,9565.0
2017-04-10,9575.0,9465.0,9575.0,9500.0,134166.0,9500.0
2017-04-11,9530.0,9485.0,9495.0,9530.0,47309.0,9530.0
2017-04-12,9690.0,9640.0,9670.0,9645.0,278624.0,9645.0
2017-04-13,9755.0,9705.0,9710.0,9735.0,214898.0,9735.0
2017-04-14,9760.0,9695.0,9735.0,9700.0,165417.0,9700.0
2017-04-17,9810.0,9735.0,9795.0,9770.0,255768.0,9770.0
2017-04-18,9745.0,9645.0,9650.0,9715.0,272609.0,9715.0
2017-04-19,9760.0,9705.0,9735.0,9735.0,182057.0,9735.0
2017-04-20,9715.0,9665.0,9680.0,9700.0,138674.0,9700.0
2017-04-21,9715.0,9670.0,9685.0,9695.0,122023.0,9695.0
2017-04-24,9670.0,9625.0,9660.0,9625.0,56821.0,9625.0
2017-04-25,9670.0,9620.0,9655.0,9620.0,76577.0,9620.0
2017-04-26,9590.0,9535.0,9550.0,9570.0,129571.0,9570.0
2017-04-27,9650.0,9555.0,9650.0,9585.0,44136.0,9585.0
2017-04-28,9620.0,9555.0,9600.0,9620.0,61627.0,9620.0
2017-05-02,9540.0,9495.0,9535.0,9500.0,115988.0,9500.0
2017-05-04,9410.0,9355.0,9390.0,9370.0,69905.0,9370.0
2017-05-08,9355.0,9300.0,9350.0,9315.0,74236.0,9315.0
2017-05-10,9315.0,9275.0,9315.0,9275.0,58764.0,9275.0
2017-05-11,9275.0,9235.0,9240.0,9275.0,60124.0,9275.0
2017-05-12,9315.0,9265.0,9290.0,9315.0,68835.0,9315.0
2017-05-15,9350.0,9290.0,9350.0,9345.0,65877.0,9345.0
2017-05-16,9365.0,9310.0,9320.0,9365.0,65269.0,9365.0
2017-05-17,9425.0,9385.0,9405.0,9425.0,37774.0,9425.0
2017-05-18,9550.0,9505.0,9520.0,9520.0,79323.0,9520.0
2017-05-19,9480.0,9435.0,9470.0,9475.0,37816.0,9475.0
2017-05-22,9530.0,9470.0,9495.0,9500.0,45781.0,9500.0
2017-05-23,9555.0,9530.0,9540.0,9530.0,81432.0,9530.0
2017-05-24,9490.0,9455.0,9485.0,9470.0,35009.0,9470.0
2017-05-25,9525.0,9490.0,9505.0,9505.0,76807.0,9505.0
2017-05-26,9510.0,9450.0,9510.0,9485.0,58441.0,9485.0
2017-05-29,9595.0,9560.0,9575.0,9585.0,67760.0,9585.0
2017-05-30,9605.0,9555.0,9585.0,9595.0,45358.0,9595.0
2017-05-31,9590.0,9510.0,9590.0,9565.0,23955.0,9565.0
2017-06-01,9615.0,9565.0,9600.0,9595.0,28986.0,9595.0
2017-06-02,9585.0,9505.0,9540.0,9510.0,43230.0,9510.0
2017-06-05,9695.0,9645.0,9650.0,9695.0,107167.0,9695.0
2017-06-07,9775.0,9725.0,9740.0,9750.0,143519.0,9750.0
2017-06-08,9770.0,9700.0,9750.0,9735.0,94757.0,9735.0
2017-06-09,9680.0,9610.0,9680.0,9625.0,47125.0,9625.0
2017-06-12,9610.0,9570.0,9600.0,9605.0,32975.0,9605.0
2017-06-13,9585.0,9540.0,9540.0,9585.0,31099.0,9585.0
2017-06-14,9625.0,9570.0,9580.0,9615.0,16735.0,9615.0
2017-06-15,9590.0,9545.0,9580.0,9560.0,31516.0,9560.0
2017-06-16,9495.0,9460.0,9480.0,9495.0,21931.0,9495.0
2017-06-19,9505.0,9465.0,9495.0,9480.0,47583.0,9480.0
2017-06-20,9445.0,9400.0,9405.0,9445.0,46423.0,9445.0
2017-06-21,9445.0,9405.0,9405.0,9440.0,43519.0,9440.0
2017-06-22,9495.0,9420.0,9430.0,9445.0,49152.0,9445.0
2017-06-23,9490.0,9435.0,9475.0,9490.0,45417.0,9490.0
2017-06-26,9530.0,9485.0,9530.0,9500.0,42867.0,9500.0
2017-06-27,9480.0,9365.0,9445.0,9480.0,57975.0,9480.0
2017-06-28,9480.0,9440.0,9455.0,9470.0,23379.0,9470.0
2017-06-29,9480.0,9435.0,9460.0,9465.0,44210.0,9465.0
2017-06-30,9475.0,9410.0,9475.0,9410.0,37014.0,9410.0
2017-07-03,9395.0,9325.0,9395.0,9345.0,94734.0,9345.0
2017-07-04,9275.0,9230.0,9250.0,9270.0,90215.0,9270.0
2017-07-05,9310.0,9250.0,9305.0,9280.0,69043.0,9280.0
2017-07-06,9280.0,9245.0,9270.0,9275.0,72296.0,9275.0
2017-07-07,9255.0,9220.0,9250.0,9240.0,66766.0,9240.0
2017-07-10,9185.0,9115.0,9185.0,9120.0,93949.0,9120.0
2017-07-11,9180.0,9145.0,9150.0,9160.0,46644.0,9160.0
2017-07-12,9230.0,9180.0,9180.0,9225.0,49387.0,9225.0
2017-07-13,9245.0,9205.0,9225.0,9240.0,93175.0,9240.0
2017-07-14,9210.0,9170.0,9210.0,9210.0,29740.0,9210.0
2017-07-17,9310.0,9270.0,9285.0,9295.0,51016.0,9295.0
2017-07-18,9345.0,9295.0,9320.0,9345.0,21632.0,9345.0
2017-07-19,9375.0,9350.0,9360.0,9365.0,30492.0,9365.0
2017-07-20,9375.0,9320.0,9365.0,9345.0,52766.0,9345.0
2017-07-21,9400.0,9350.0,9360.0,9400.0,71934.0,9400.0
2017-07-24,9465.0,9425.0,9445.0,9455.0,81417.0,9455.0
2017-07-25,9475.0,9435.0,9440.0,9465.0,66948.0,9465.0
2017-07-26,9425.0,9370.0,9425.0,9405.0,30308.0,9405.0
2017-07-27,9530.0,9475.0,9475.0,9530.0,97123.0,9530.0
2017-07-28,9505.0,9470.0,9500.0,9505.0,41912.0,9505.0
2017-07-31,9565.0,9535.0,9560.0,9565.0,62295.0,9565.0
2017-08-01,9580.0,9535.0,9565.0,9545.0,64351.0,9545.0
2017-08-02,9565.0,9515.0,9560.0,9530.0,30832.0,9530.0
2017-08-03,9520.0,9490.0,9500.0,9495.0,45641.0,9495.0
2017-08-04,9570.0,9535.0,9550.0,9565.0,44624.0,9565.0
2017-08-07,9505.0,9460.0,9505.0,9500.0,31958.0,9500.0
2017-08-08,9505.0,9455.0,9505.0,9500.0,16695.0,9500.0
2017-08-09,9535.0,9495.0,9530.0,9535.0,51822.0,9535.0
2017-08-10,9640.0,9570.0,9570.0,9640.0,106970.0,9640.0
2017-08-11,9720.0,9660.0,9720.0,9700.0,123216.0,9700.0
2017-08-14,9735.0,9665.0,9690.0,9710.0,135749.0,9710.0
2017-08-16,9600.0,9565.0,9600.0,9595.0,64865.0,9595.0
2017-08-17,9710.0,9620.0,9645.0,9680.0,104075.0,9680.0
2017-08-18,9740.0,9680.0,9740.0,9720.0,64490.0,9720.0
2017-08-21,9715.0,9655.0,9695.0,9715.0,50289.0,9715.0
2017-08-22,9730.0,9680.0,9730.0,9685.0,48790.0,9685.0
2017-08-23,9690.0,9645.0,9680.0,9675.0,47242.0,9675.0
2017-08-24,9715.0,9680.0,9700.0,9705.0,44779.0,9705.0
2017-08-25,9710.0,9670.0,9700.0,9710.0,169990.0,9710.0
2017-08-28,9785.0,9710.0,9710.0,9785.0,53229.0,9785.0
2017-08-29,9935.0,9850.0,9850.0,9935.0,242885.0,9935.0
2017-08-30,9910.0,9825.0,9860.0,9875.0,94927.0,9875.0
2017-08-31,9860.0,9780.0,9860.0,9820.0,79780.0,9820.0
2017-09-01,9950.0,9915.0,9935.0,9940.0,118980.0,9940.0
2017-09-04,10090.0,10025.0,10035.0,10090.0,183498.0,10090.0
2017-09-05,10090.0,10030.0,10065.0,10045.0,71538.0,10045.0
2017-09-06,10100.0,10065.0,10090.0,10065.0,69044.0,10065.0
2017-09-07,10065.0,10025.0,10060.0,10035.0,82494.0,10035.0
2017-09-08,10215.0,10130.0,10130.0,10170.0,152362.0,10170.0
2017-09-11,10090.0,10045.0,10090.0,10070.0,55069.0,10070.0
2017-09-12,10005.0,9950.0,9990.0,9990.0,58987.0,9990.0
2017-09-13,10020.0,9990.0,9995.0,10010.0,58557.0,10010.0
2017-09-14,9955.0,9920.0,9940.0,9930.0,67223.0,9930.0
2017-09-15,10070.0,9985.0,10070.0,10020.0,49639.0,10020.0
2017-09-18,9940.0,9890.0,9890.0,9925.0,69633.0,9925.0
2017-09-19,9870.0,9835.0,9870.0,9865.0,24905.0,9865.0
2017-09-20,9905.0,9840.0,9840.0,9865.0,47525.0,9865.0
2017-09-21,9795.0,9755.0,9785.0,9780.0,119980.0,9780.0
2017-09-25,9750.0,9690.0,9735.0,9745.0,90458.0,9745.0
2017-09-26,9745.0,9745.0,9745.0,9745.0,0.0,9745.0
2017-09-27,9760.0,9720.0,9740.0,9745.0,107610.0,9745.0
2017-09-28,9675.0,9605.0,9675.0,9605.0,52064.0,9605.0
2017-09-29,9690.0,9630.0,9655.0,9645.0,100585.0,9645.0
2017-10-10,9710.0,9645.0,9670.0,9700.0,59175.0,9700.0
2017-10-11,9720.0,9680.0,9710.0,9705.0,59350.0,9705.0
2017-10-12,9755.0,9700.0,9730.0,9755.0,45842.0,9755.0
2017-10-13,9755.0,9710.0,9755.0,9745.0,112572.0,9745.0
2017-10-16,9805.0,9760.0,9785.0,9805.0,57510.0,9805.0
2017-10-17,9750.0,9705.0,9750.0,9705.0,32718.0,9705.0
2017-10-18,9690.0,9635.0,9690.0,9660.0,26292.0,9660.0
2017-10-19,9630.0,9580.0,9630.0,9580.0,33991.0,9580.0
2017-10-20,9715.0,9625.0,9680.0,9640.0,39744.0,9640.0
2017-10-23,9605.0,9580.0,9595.0,9600.0,27141.0,9600.0
2017-10-24,9650.0,9615.0,9620.0,9630.0,28608.0,9630.0
2017-10-25,9610.0,9560.0,9605.0,9585.0,27261.0,9585.0
2017-10-26,9625.0,9585.0,9590.0,9625.0,18962.0,9625.0
2017-10-27,9600.0,9505.0,9600.0,9520.0,42624.0,9520.0
2017-10-30,9565.0,9525.0,9535.0,9525.0,28139.0,9525.0
2017-10-31,9595.0,9545.0,9545.0,9590.0,76107.0,9590.0
2017-11-01,9595.0,9510.0,9595.0,9575.0,48083.0,9575.0
2017-11-02,9620.0,9555.0,9575.0,9610.0,18181.0,9610.0
2017-11-03,9600.0,9575.0,9600.0,9585.0,26611.0,9585.0
2017-11-06,9545.0,9505.0,9545.0,9540.0,41331.0,9540.0
2017-11-07,9615.0,9585.0,9600.0,9610.0,17253.0,9610.0
2017-11-08,9595.0,9565.0,9595.0,9585.0,13693.0,9585.0
2017-11-09,9630.0,9600.0,9625.0,9615.0,58780.0,9615.0
2017-11-10,9645.0,9620.0,9625.0,9645.0,42539.0,9645.0
2017-11-13,9590.0,9545.0,9575.0,9590.0,34675.0,9590.0
2017-11-14,9600.0,9570.0,9600.0,9590.0,19079.0,9590.0
2017-11-15,9620.0,9590.0,9590.0,9620.0,31120.0,9620.0
2017-11-17,9635.0,9575.0,9575.0,9630.0,30154.0,9630.0
2017-11-20,9690.0,9660.0,9685.0,9685.0,97969.0,9685.0
2017-11-21,9685.0,9575.0,9685.0,9580.0,48918.0,9580.0
2017-11-22,9615.0,9580.0,9595.0,9615.0,35211.0,9615.0
2017-11-24,9685.0,9655.0,9685.0,9660.0,14070.0,9660.0
2017-11-27,9680.0,9630.0,9655.0,9680.0,57097.0,9680.0
2017-11-28,9715.0,9675.0,9675.0,9695.0,26075.0,9695.0
2017-11-29,9720.0,9680.0,9705.0,9695.0,50864.0,9695.0
2017-11-30,9640.0,9605.0,9630.0,9620.0,24308.0,9620.0
2017-12-01,9575.0,9550.0,9570.0,9570.0,54127.0,9570.0
2017-12-04,9560.0,9530.0,9555.0,9555.0,33791.0,9555.0
2017-12-05,9575.0,9545.0,9570.0,9560.0,16172.0,9560.0
2017-12-06,9505.0,9470.0,9505.0,9485.0,54936.0,9485.0
2017-12-07,9475.0,9435.0,9475.0,9445.0,16644.0,9445.0
2017-12-08,9365.0,9340.0,9350.0,9360.0,37717.0,9360.0
2017-12-11,9365.0,9335.0,9360.0,9365.0,46126.0,9365.0
2017-12-12,9330.0,9305.0,9315.0,9330.0,50479.0,9330.0
2017-12-13,9325.0,9305.0,9320.0,9310.0,20992.0,9310.0
2017-12-14,9430.0,9380.0,9390.0,9430.0,19963.0,9430.0
2017-12-15,9420.0,9385.0,9405.0,9420.0,17134.0,9420.0
2017-12-18,9420.0,9365.0,9375.0,9420.0,60414.0,9420.0
2017-12-19,9470.0,9425.0,9430.0,9470.0,30237.0,9470.0
2017-12-21,9505.0,9465.0,9480.0,9465.0,49766.0,9465.0
2017-12-22,9505.0,9460.0,9470.0,9480.0,20851.0,9480.0
2017-12-26,9600.0,9530.0,9535.0,9600.0,36450.0,9600.0
2017-12-27,9615.0,9590.0,9600.0,9610.0,21619.0,9610.0
2017-12-28,9685.0,9620.0,9620.0,9685.0,59498.0,9685.0
2018-01-03,9875.0,9800.0,9850.0,9835.0,68679.0,9835.0
2018-01-04,9820.0,9755.0,9820.0,9805.0,79363.0,9805.0
2018-01-05,9890.0,9850.0,9865.0,9870.0,137856.0,9870.0
2018-01-08,9880.0,9835.0,9875.0,9870.0,38354.0,9870.0
2018-01-09,9870.0,9830.0,9855.0,9835.0,50136.0,9835.0
2018-01-10,9815.0,9775.0,9805.0,9800.0,55146.0,9800.0
2018-01-11,9860.0,9825.0,9835.0,9835.0,46078.0,9835.0
2018-01-12,9945.0,9870.0,9870.0,9945.0,68433.0,9945.0
2018-01-15,10055.0,9970.0,9975.0,10055.0,72811.0,10055.0
2018-01-16,10095.0,9995.0,10040.0,10025.0,199885.0,10025.0
2018-01-17,10045.0,9970.0,10040.0,9980.0,84792.0,9980.0
2018-01-18,9945.0,9890.0,9945.0,9935.0,29390.0,9935.0
2018-01-19,9940.0,9895.0,9925.0,9930.0,34132.0,9930.0
2018-01-22,9960.0,9925.0,9950.0,9960.0,44732.0,9960.0
2018-01-23,9995.0,9945.0,9960.0,9995.0,25055.0,9995.0
2018-01-24,10025.0,9995.0,10005.0,10005.0,36618.0,10005.0
2018-01-25,10215.0,10115.0,10115.0,10215.0,132823.0,10215.0
2018-01-26,10115.0,10050.0,10065.0,10115.0,43006.0,10115.0
2018-01-29,10100.0,10050.0,10095.0,10070.0,34124.0,10070.0
2018-01-30,10020.0,9945.0,10020.0,9970.0,38175.0,9970.0
2018-01-31,10035.0,9960.0,9980.0,10035.0,70401.0,10035.0
2018-02-01,10050.0,10000.0,10045.0,10010.0,103790.0,10010.0
2018-02-02,10070.0,10035.0,10045.0,10055.0,41485.0,10055.0
2018-02-05,9945.0,9905.0,9945.0,9920.0,38472.0,9920.0
2018-02-06,10045.0,9965.0,9980.0,10025.0,151619.0,10025.0
2018-02-07,9935.0,9880.0,9900.0,9935.0,51209.0,9935.0
2018-02-08,9845.0,9750.0,9845.0,9790.0,42298.0,9790.0
2018-02-09,9870.0,9800.0,9870.0,9835.0,41148.0,9835.0
2018-02-12,9885.0,9820.0,9830.0,9885.0,43915.0,9885.0
2018-02-13,9915.0,9845.0,9885.0,9910.0,121207.0,9910.0
2018-02-14,9970.0,9915.0,9935.0,9955.0,69069.0,9955.0
2018-02-19,10475.0,10025.0,10045.0,10070.0,341628.0,10070.0
2018-02-20,10045.0,9975.0,10045.0,10000.0,79590.0,10000.0
2018-02-21,9920.0,9880.0,9900.0,9900.0,121036.0,9900.0
2018-02-22,9900.0,9850.0,9900.0,9850.0,151154.0,9850.0
2018-02-23,9935.0,9880.0,9905.0,9880.0,36684.0,9880.0
2018-02-26,9990.0,9875.0,9900.0,9990.0,54635.0,9990.0
2018-02-27,9995.0,9920.0,9995.0,9955.0,30633.0,9955.0
2018-02-28,9835.0,9795.0,9825.0,9825.0,59154.0,9825.0
2018-03-02,9830.0,9795.0,9825.0,9825.0,22648.0,9825.0
2018-03-05,9905.0,9845.0,9860.0,9900.0,32694.0,9900.0
2018-03-06,9865.0,9820.0,9850.0,9865.0,157200.0,9865.0
2018-03-07,9975.0,9915.0,9960.0,9925.0,30615.0,9925.0
2018-03-08,9890.0,9845.0,9875.0,9865.0,18797.0,9865.0
2018-03-09,9850.0,9785.0,9820.0,9795.0,73852.0,9795.0
2018-03-12,9860.0,9820.0,9835.0,9860.0,63175.0,9860.0
2018-03-13,9880.0,9810.0,9880.0,9810.0,21933.0,9810.0
2018-03-14,9895.0,9840.0,9855.0,9855.0,118955.0,9855.0
2018-03-15,9895.0,9850.0,9855.0,9880.0,37141.0,9880.0
2018-03-16,9810.0,9780.0,9805.0,9790.0,12576.0,9790.0
2018-03-19,9790.0,9730.0,9790.0,9745.0,14015.0,9745.0
2018-03-20,9805.0,9775.0,9805.0,9800.0,18490.0,9800.0
2018-03-21,9785.0,9740.0,9770.0,9785.0,17878.0,9785.0
2018-03-22,9925.0,9870.0,9895.0,9880.0,35336.0,9880.0
2018-03-23,9990.0,9905.0,9935.0,9990.0,57830.0,9990.0
2018-03-26,10050.0,9990.0,10050.0,10020.0,78843.0,10020.0
2018-03-27,10080.0,10045.0,10050.0,10055.0,102713.0,10055.0
2018-03-28,10020.0,9980.0,10020.0,9985.0,29631.0,9985.0
2018-03-29,9885.0,9860.0,9875.0,9870.0,22487.0,9870.0
2018-03-30,9945.0,9855.0,9855.0,9945.0,12730.0,9945.0
2018-04-02,9905.0,9855.0,9885.0,9900.0,85673.0,9900.0
2018-04-03,9990.0,9935.0,9965.0,9960.0,27077.0,9960.0
2018-04-04,9945.0,9900.0,9945.0,9930.0,42466.0,9930.0
2018-04-05,9925.0,9875.0,9925.0,9875.0,98156.0,9875.0
2018-04-06,9910.0,9870.0,9910.0,9870.0,10802.0,9870.0
2018-04-09,9915.0,9880.0,9890.0,9905.0,11086.0,9905.0
2018-04-10,9940.0,9890.0,9940.0,9910.0,55140.0,9910.0
2018-04-11,10010.0,9945.0,9950.0,10010.0,34522.0,10010.0
2018-04-12,10065.0,10015.0,10045.0,10025.0,103991.0,10025.0
2018-04-13,9965.0,9925.0,9925.0,9945.0,28458.0,9945.0
2018-04-16,10010.0,9965.0,10000.0,9990.0,27517.0,9990.0
2018-04-17,10010.0,9965.0,10000.0,9980.0,29015.0,9980.0
2018-04-18,10005.0,9965.0,9990.0,9975.0,32595.0,9975.0
2018-04-19,10045.0,10005.0,10015.0,10030.0,50478.0,10030.0
2018-04-20,9995.0,9955.0,9995.0,9990.0,42944.0,9990.0
2018-04-23,9925.0,9885.0,9900.0,9920.0,29778.0,9920.0
2018-04-24,9855.0,9820.0,9850.0,9835.0,36604.0,9835.0
2018-04-25,9880.0,9830.0,9865.0,9850.0,22491.0,9850.0
2018-04-26,9825.0,9800.0,9820.0,9800.0,27754.0,9800.0
2018-04-27,9805.0,9765.0,9805.0,9785.0,24634.0,9785.0
2018-04-30,9830.0,9765.0,9805.0,9765.0,26075.0,9765.0
2018-05-02,9725.0,9680.0,9695.0,9695.0,65183.0,9695.0
2018-05-03,9725.0,9690.0,9705.0,9715.0,14529.0,9715.0
2018-05-04,9755.0,9725.0,9745.0,9745.0,80707.0,9745.0
2018-05-08,9760.0,9725.0,9745.0,9745.0,27589.0,9745.0
2018-05-09,9755.0,9715.0,9750.0,9720.0,19441.0,9720.0
2018-05-10,9750.0,9715.0,9730.0,9750.0,28535.0,9750.0
2018-05-11,9800.0,9765.0,9795.0,9800.0,29032.0,9800.0
2018-05-14,9805.0,9775.0,9790.0,9800.0,14038.0,9800.0
2018-05-15,9760.0,9725.0,9760.0,9735.0,12060.0,9735.0
2018-05-16,9610.0,9570.0,9600.0,9600.0,50848.0,9600.0
2018-05-17,9600.0,9530.0,9590.0,9530.0,26531.0,9530.0
2018-05-18,9565.0,9540.0,9555.0,9565.0,19931.0,9565.0
2018-05-21,9585.0,9505.0,9585.0,9525.0,33801.0,9525.0
2018-05-23,9590.0,9535.0,9565.0,9560.0,42555.0,9560.0
2018-05-24,9610.0,9570.0,9595.0,9575.0,117445.0,9575.0
2018-05-25,9660.0,9620.0,9660.0,9660.0,49376.0,9660.0
2018-05-28,9630.0,9590.0,9605.0,9610.0,42524.0,9610.0
2018-05-29,9640.0,9585.0,9610.0,9590.0,22137.0,9590.0
2018-05-30,9630.0,9595.0,9620.0,9610.0,26695.0,9610.0
2018-05-31,9650.0,9620.0,9620.0,9645.0,16218.0,9645.0
2018-06-01,9645.0,9600.0,9645.0,9600.0,34918.0,9600.0
2018-06-04,9580.0,9535.0,9580.0,9540.0,98953.0,9540.0
2018-06-05,9570.0,9535.0,9570.0,9565.0,38064.0,9565.0
2018-06-07,9615.0,9585.0,9585.0,9585.0,28447.0,9585.0
2018-06-08,9600.0,9570.0,9585.0,9570.0,16111.0,9570.0
2018-06-11,9625.0,9595.0,9600.0,9620.0,13578.0,9620.0
2018-06-12,9620.0,9595.0,9620.0,9610.0,7636.0,9610.0
2018-06-14,9645.0,9585.0,9610.0,9645.0,9884.0,9645.0
2018-06-15,9650.0,9590.0,9650.0,9590.0,16641.0,9590.0
2018-06-18,9485.0,9460.0,9485.0,9480.0,80865.0,9480.0
2018-06-19,9500.0,9455.0,9485.0,9465.0,75821.0,9465.0
2018-06-20,9440.0,9410.0,9415.0,9430.0,15311.0,9430.0
2018-06-21,9400.0,9340.0,9400.0,9345.0,23062.0,9345.0
2018-06-22,9390.0,9345.0,9350.0,9390.0,11722.0,9390.0
2018-06-25,9415.0,9350.0,9410.0,9360.0,27204.0,9360.0
2018-06-26,9365.0,9335.0,9365.0,9350.0,24341.0,9350.0
2018-06-27,9315.0,9265.0,9315.0,9290.0,53300.0,9290.0
2018-06-28,9270.0,9240.0,9265.0,9260.0,14309.0,9260.0
2018-06-29,9250.0,9205.0,9235.0,9250.0,10173.0,9250.0
2018-07-02,9270.0,9215.0,9265.0,9225.0,97381.0,9225.0
2018-07-03,9195.0,9150.0,9195.0,9170.0,36951.0,9170.0
2018-07-04,9310.0,9250.0,9250.0,9290.0,17157.0,9290.0
2018-07-05,9305.0,9265.0,9275.0,9290.0,84875.0,9290.0
2018-07-06,9300.0,9240.0,9300.0,9290.0,19388.0,9290.0
2018-07-09,9330.0,9260.0,9260.0,9330.0,18944.0,9330.0
2018-07-10,9310.0,9265.0,9300.0,9285.0,13360.0,9285.0
2018-07-11,9280.0,9210.0,9280.0,9230.0,23070.0,9230.0
2018-07-12,9195.0,9170.0,9180.0,9190.0,17713.0,9190.0
2018-07-13,9220.0,9180.0,9195.0,9205.0,15797.0,9205.0
2018-07-16,9190.0,9155.0,9165.0,9185.0,21915.0,9185.0
2018-07-17,9175.0,9135.0,9170.0,9175.0,19177.0,9175.0
2018-07-18,9060.0,9025.0,9055.0,9025.0,32267.0,9025.0
2018-07-19,9060.0,9010.0,9035.0,9035.0,17835.0,9035.0
2018-07-20,9030.0,8965.0,9025.0,9020.0,33177.0,9020.0
2018-07-23,9110.0,9065.0,9100.0,9080.0,33052.0,9080.0
2018-07-24,9035.0,8980.0,9035.0,9000.0,59330.0,9000.0
2018-07-25,9055.0,9005.0,9045.0,9055.0,19603.0,9055.0
2018-07-26,9100.0,9055.0,9095.0,9075.0,23381.0,9075.0
2018-07-27,9035.0,9010.0,9025.0,9020.0,23951.0,9020.0
2018-07-30,9025.0,8990.0,9020.0,9000.0,26997.0,9000.0
2018-07-31,9020.0,8990.0,9000.0,9010.0,14038.0,9010.0
2018-08-01,9025.0,8995.0,9020.0,9005.0,64068.0,9005.0
2018-08-02,8995.0,8950.0,8980.0,8990.0,116756.0,8990.0
2018-08-03,8925.0,8875.0,8915.0,8895.0,82424.0,8895.0
2018-08-06,8965.0,8920.0,8950.0,8945.0,42415.0,8945.0
2018-08-07,8925.0,8875.0,8915.0,8910.0,125364.0,8910.0
2018-08-08,8945.0,8920.0,8935.0,8940.0,16702.0,8940.0
2018-08-09,8965.0,8920.0,8920.0,8960.0,53944.0,8960.0
2018-08-10,8940.0,8885.0,8935.0,8900.0,75165.0,8900.0
2018-08-13,8935.0,8880.0,8905.0,8910.0,53468.0,8910.0
2018-08-14,8810.0,8770.0,8785.0,8790.0,52038.0,8790.0
2018-08-16,8675.0,8525.0,8625.0,8660.0,123088.0,8660.0
2018-08-17,8680.0,8625.0,8635.0,8660.0,137223.0,8660.0
2018-08-20,8735.0,8695.0,8695.0,8730.0,43445.0,8730.0
2018-08-21,8815.0,8755.0,8785.0,8815.0,67953.0,8815.0
2018-08-22,8825.0,8785.0,8810.0,8790.0,61509.0,8790.0
2018-08-23,8800.0,8765.0,8800.0,8785.0,24148.0,8785.0
2018-08-24,8760.0,8710.0,8725.0,8755.0,42840.0,8755.0
2018-08-27,8895.0,8855.0,8865.0,8885.0,87383.0,8885.0
2018-08-28,8920.0,8890.0,8900.0,8905.0,101632.0,8905.0
2018-08-29,8870.0,8845.0,8860.0,8865.0,36678.0,8865.0
2018-08-30,8880.0,8820.0,8865.0,8840.0,32383.0,8840.0
2018-08-31,8865.0,8805.0,8840.0,8865.0,31033.0,8865.0
2018-09-03,8840.0,8790.0,8835.0,8840.0,138661.0,8840.0
2018-09-04,8840.0,8805.0,8835.0,8805.0,17615.0,8805.0
2018-09-05,8795.0,8745.0,8785.0,8775.0,32425.0,8775.0
2018-09-06,8830.0,8795.0,8810.0,8810.0,9496.0,8810.0
2018-09-07,8850.0,8820.0,8845.0,8840.0,16259.0,8840.0
2018-09-10,8800.0,8765.0,8800.0,8780.0,42482.0,8780.0
2018-09-11,8805.0,8775.0,8775.0,8805.0,15831.0,8805.0
2018-09-12,8805.0,8760.0,8805.0,8780.0,32730.0,8780.0
2018-09-13,8860.0,8840.0,8850.0,8850.0,29156.0,8850.0
2018-09-14,8865.0,8820.0,8840.0,8860.0,17911.0,8860.0
2018-09-17,8805.0,8760.0,8780.0,8805.0,21524.0,8805.0
2018-09-18,8820.0,8780.0,8815.0,8790.0,181218.0,8790.0
2018-09-19,8845.0,8795.0,8800.0,8825.0,10367.0,8825.0
2018-09-20,8870.0,8840.0,8855.0,8860.0,20450.0,8860.0
2018-09-21,8900.0,8855.0,8865.0,8895.0,21193.0,8895.0
2018-09-27,8820.0,8790.0,8815.0,8790.0,164482.0,8790.0
2018-09-28,8770.0,8685.0,8770.0,8685.0,64019.0,8685.0
2018-10-01,8755.0,8730.0,8730.0,8740.0,36108.0,8740.0
2018-10-02,8775.0,8720.0,8730.0,8775.0,43421.0,8775.0
2018-10-04,8810.0,8785.0,8800.0,8805.0,107384.0,8805.0
2018-10-05,8825.0,8800.0,8805.0,8825.0,74351.0,8825.0
2018-10-08,8855.0,8790.0,8840.0,8795.0,66597.0,8795.0
2018-10-10,8755.0,8730.0,8745.0,8745.0,76337.0,8745.0
2018-10-11,8790.0,8755.0,8790.0,8785.0,109521.0,8785.0
2018-10-12,8985.0,8940.0,8960.0,8940.0,155735.0,8940.0
2018-10-15,9000.0,8945.0,8945.0,9000.0,65932.0,9000.0
2018-10-16,9030.0,8990.0,9020.0,9005.0,34992.0,9005.0
2018-10-17,9010.0,8960.0,9000.0,8980.0,266243.0,8980.0
2018-10-18,8980.0,8950.0,8965.0,8965.0,77112.0,8965.0
2018-10-19,9025.0,8985.0,8985.0,9005.0,53587.0,9005.0
2018-10-22,9030.0,9000.0,9005.0,9015.0,65761.0,9015.0
2018-10-23,9025.0,8965.0,8990.0,9025.0,96002.0,9025.0
2018-10-24,9060.0,9030.0,9045.0,9045.0,93517.0,9045.0
2018-10-25,9105.0,9050.0,9050.0,9105.0,201445.0,9105.0
2018-10-26,9080.0,9025.0,9050.0,9080.0,145209.0,9080.0
2018-10-29,9085.0,9035.0,9065.0,9055.0,120258.0,9055.0
2018-10-30,9030.0,8985.0,9010.0,9000.0,104069.0,9000.0
2018-10-31,8985.0,8905.0,8985.0,8945.0,184873.0,8945.0
2018-11-01,8970.0,8900.0,8920.0,8970.0,340967.0,8970.0
2018-11-02,9065.0,9025.0,9035.0,9055.0,126127.0,9055.0
2018-11-05,9065.0,9035.0,9055.0,9050.0,79253.0,9050.0
2018-11-06,9040.0,9010.0,9040.0,9010.0,73000.0,9010.0
2018-11-07,9035.0,8975.0,9020.0,9025.0,126196.0,9025.0
2018-11-08,9000.0,8950.0,9000.0,8985.0,179668.0,8985.0
2018-11-09,8970.0,8935.0,8950.0,8950.0,73368.0,8950.0
2018-11-12,8880.0,8840.0,8875.0,8855.0,64369.0,8855.0
2018-11-13,8850.0,8805.0,8805.0,8835.0,39085.0,8835.0
2018-11-14,8835.0,8805.0,8820.0,8830.0,36251.0,8830.0
2018-11-16,8930.0,8885.0,8900.0,8905.0,18329.0,8905.0
2018-11-19,8965.0,8915.0,8950.0,8920.0,27950.0,8920.0
2018-11-20,8970.0,8945.0,8970.0,8955.0,34695.0,8955.0
2018-11-21,8960.0,8920.0,8955.0,8955.0,44628.0,8955.0
2018-11-22,9010.0,8970.0,8970.0,9010.0,24556.0,9010.0
2018-11-23,9030.0,8980.0,9025.0,9005.0,18440.0,9005.0
2018-11-26,8985.0,8950.0,8985.0,8985.0,27945.0,8985.0
2018-11-27,8970.0,8945.0,8970.0,8960.0,14929.0,8960.0
2018-11-28,8910.0,8890.0,8910.0,8910.0,30428.0,8910.0
2018-11-29,8990.0,8925.0,8960.0,8990.0,52774.0,8990.0
2018-11-30,8975.0,8955.0,8975.0,8970.0,75261.0,8970.0
2018-12-03,8995.0,8935.0,8960.0,8995.0,66407.0,8995.0
2018-12-04,9075.0,8995.0,9005.0,9075.0,58835.0,9075.0
2018-12-05,9080.0,9025.0,9075.0,9050.0,50211.0,9050.0
2018-12-06,9090.0,9050.0,9055.0,9070.0,54721.0,9070.0
2018-12-07,9080.0,9055.0,9075.0,9070.0,25450.0,9070.0
2018-12-10,9155.0,9125.0,9140.0,9155.0,346416.0,9155.0
2018-12-11,9145.0,9095.0,9125.0,9145.0,64145.0,9145.0
2018-12-12,9135.0,9090.0,9115.0,9090.0,130713.0,9090.0
2018-12-13,9130.0,9090.0,9110.0,9095.0,122312.0,9095.0
2018-12-14,9100.0,9060.0,9095.0,9060.0,55466.0,9060.0
2018-12-17,9070.0,9035.0,9035.0,9065.0,34379.0,9065.0
2018-12-18,9150.0,9105.0,9110.0,9105.0,85963.0,9105.0
2018-12-19,9155.0,9125.0,9140.0,9130.0,94508.0,9130.0
2018-12-20,9110.0,9085.0,9095.0,9105.0,48175.0,9105.0
2018-12-21,9240.0,9195.0,9205.0,9215.0,189058.0,9215.0
2018-12-24,9250.0,9200.0,9210.0,9240.0,56594.0,9240.0
2018-12-26,9325.0,9250.0,9270.0,9325.0,422780.0,9325.0
2018-12-27,9305.0,9265.0,9285.0,9285.0,27767.0,9285.0
2018-12-28,9350.0,9300.0,9305.0,9350.0,88405.0,9350.0
2019-01-02,9410.0,9330.0,9345.0,9400.0,217766.0,9400.0
2019-01-03,9440.0,9375.0,9400.0,9440.0,203861.0,9440.0
2019-01-04,9490.0,9450.0,9450.0,9460.0,296277.0,9460.0
2019-01-07,9440.0,9350.0,9380.0,9425.0,271870.0,9425.0
2019-01-08,9420.0,9355.0,9405.0,9380.0,97410.0,9380.0
2019-01-09,9400.0,9345.0,9370.0,9350.0,83214.0,9350.0
2019-01-10,9475.0,9430.0,9445.0,9460.0,110269.0,9460.0
2019-01-11,9460.0,9390.0,9410.0,9450.0,103976.0,9450.0
2019-01-14,9440.0,9390.0,9405.0,9435.0,50897.0,9435.0
2019-01-15,9445.0,9410.0,9440.0,9430.0,134992.0,9430.0
2019-01-16,9435.0,9390.0,9400.0,9430.0,131134.0,9430.0
2019-01-17,9445.0,9415.0,9420.0,9430.0,59081.0,9430.0
2019-01-18,9435.0,9405.0,9425.0,9430.0,72907.0,9430.0
2019-01-21,9370.0,9340.0,9370.0,9370.0,77918.0,9370.0
2019-01-22,9335.0,9310.0,9335.0,9310.0,36601.0,9310.0
2019-01-23,9375.0,9345.0,9355.0,9375.0,56108.0,9375.0
2019-01-24,9365.0,9330.0,9350.0,9340.0,23711.0,9340.0
2019-01-25,9355.0,9320.0,9350.0,9355.0,32802.0,9355.0
2019-01-28,9510.0,9460.0,9465.0,9500.0,145234.0,9500.0
2019-01-29,9515.0,9490.0,9500.0,9510.0,21600.0,9510.0
2019-01-30,9585.0,9540.0,9540.0,9585.0,58738.0,9585.0
2019-01-31,9635.0,9590.0,9610.0,9625.0,93064.0,9625.0
2019-02-01,9640.0,9600.0,9630.0,9615.0,89901.0,9615.0
2019-02-07,9520.0,9485.0,9520.0,9505.0,57306.0,9505.0
2019-02-08,9545.0,9520.0,9545.0,9525.0,73298.0,9525.0
2019-02-11,9575.0,9545.0,9555.0,9565.0,48819.0,9565.0
2019-02-12,9540.0,9505.0,9515.0,9540.0,207848.0,9540.0
2019-02-13,9570.0,9525.0,9530.0,9570.0,30003.0,9570.0
2019-02-14,9530.0,9510.0,9520.0,9530.0,36166.0,9530.0
2019-02-15,9555.0,9535.0,9535.0,9550.0,48313.0,9550.0
2019-02-18,9650.0,9605.0,9605.0,9635.0,47133.0,9635.0
2019-02-19,9655.0,9635.0,9650.0,9645.0,60500.0,9645.0
2019-02-20,9805.0,9740.0,9740.0,9755.0,134718.0,9755.0
2019-02-21,9765.0,9725.0,9765.0,9750.0,74573.0,9750.0
2019-02-22,9650.0,9630.0,9640.0,9640.0,32957.0,9640.0
2019-02-25,9700.0,9650.0,9655.0,9700.0,32457.0,9700.0
2019-02-26,9675.0,9645.0,9665.0,9665.0,42162.0,9665.0
2019-02-27,9680.0,9645.0,9665.0,9660.0,24787.0,9660.0
2019-02-28,9610.0,9570.0,9610.0,9575.0,85735.0,9575.0
2019-03-04,9440.0,9395.0,9420.0,9405.0,107353.0,9405.0
2019-03-05,9360.0,9325.0,9360.0,9340.0,82962.0,9340.0
2019-03-06,9380.0,9345.0,9350.0,9370.0,69463.0,9370.0
2019-03-07,9370.0,9335.0,9350.0,9350.0,33518.0,9350.0
2019-03-08,9400.0,9340.0,9345.0,9400.0,37843.0,9400.0
2019-03-11,9450.0,9420.0,9420.0,9450.0,101354.0,9450.0
2019-03-12,9420.0,9370.0,9385.0,9420.0,40389.0,9420.0
2019-03-13,9500.0,9460.0,9460.0,9495.0,236736.0,9495.0
2019-03-14,9520.0,9465.0,9500.0,9465.0,210254.0,9465.0
2019-03-15,9460.0,9390.0,9430.0,9460.0,59811.0,9460.0
2019-03-18,9460.0,9435.0,9460.0,9450.0,28343.0,9450.0
2019-03-19,9495.0,9450.0,9470.0,9490.0,24540.0,9490.0
2019-03-20,9495.0,9470.0,9475.0,9495.0,223238.0,9495.0
2019-03-21,9595.0,9540.0,9540.0,9590.0,103052.0,9590.0
2019-03-22,9535.0,9500.0,9520.0,9535.0,30355.0,9535.0
2019-03-25,9580.0,9525.0,9540.0,9575.0,91935.0,9575.0
2019-03-26,9620.0,9580.0,9610.0,9600.0,52503.0,9600.0
2019-03-27,9580.0,9535.0,9570.0,9545.0,96475.0,9545.0
2019-03-28,9525.0,9485.0,9525.0,9520.0,34754.0,9520.0
2019-03-29,9385.0,9330.0,9385.0,9350.0,219384.0,9350.0
2019-04-01,9400.0,9360.0,9365.0,9375.0,102884.0,9375.0
2019-04-02,9355.0,9320.0,9335.0,9345.0,94103.0,9345.0
2019-04-03,9390.0,9360.0,9360.0,9390.0,82669.0,9390.0
2019-04-04,9390.0,9350.0,9350.0,9385.0,141446.0,9385.0
2019-04-05,9385.0,9345.0,9365.0,9355.0,65519.0,9355.0
2019-04-08,9415.0,9360.0,9360.0,9415.0,53956.0,9415.0
2019-04-09,9440.0,9410.0,9420.0,9425.0,44325.0,9425.0
2019-04-10,9470.0,9440.0,9455.0,9470.0,41300.0,9470.0
2019-04-11,9495.0,9475.0,9485.0,9485.0,80645.0,9485.0
2019-04-12,9390.0,9360.0,9375.0,9390.0,61270.0,9390.0
2019-04-15,9360.0,9325.0,9360.0,9340.0,122869.0,9340.0
2019-04-16,9340.0,9300.0,9330.0,9315.0,60883.0,9315.0
2019-04-17,9270.0,9230.0,9255.0,9260.0,114761.0,9260.0
2019-04-18,9240.0,9195.0,9235.0,9195.0,74090.0,9195.0
2019-04-19,9240.0,9200.0,9230.0,9240.0,14640.0,9240.0
2019-04-22,9280.0,9240.0,9250.0,9275.0,74034.0,9275.0
2019-04-23,9250.0,9215.0,9245.0,9220.0,37577.0,9220.0
2019-04-24,9220.0,9190.0,9210.0,9200.0,43487.0,9200.0
2019-04-25,9250.0,9220.0,9245.0,9250.0,42788.0,9250.0
2019-04-26,9285.0,9255.0,9270.0,9285.0,56784.0,9285.0
2019-04-29,9320.0,9295.0,9315.0,9310.0,109800.0,9310.0
2019-04-30,9305.0,9270.0,9275.0,9300.0,80403.0,9300.0
2019-05-02,9250.0,9205.0,9250.0,9215.0,329757.0,9215.0
2019-05-03,9215.0,9190.0,9195.0,9200.0,42796.0,9200.0
2019-05-07,9300.0,9265.0,9280.0,9300.0,87200.0,9300.0
2019-05-08,9320.0,9300.0,9305.0,9315.0,38082.0,9315.0
2019-05-09,9295.0,9260.0,9285.0,9290.0,390456.0,9290.0
2019-05-10,9315.0,9280.0,9300.0,9305.0,58945.0,9305.0
2019-05-13,9325.0,9280.0,9305.0,9300.0,74837.0,9300.0
2019-05-14,9440.0,9400.0,9420.0,9405.0,103386.0,9405.0
2019-05-15,9400.0,9370.0,9400.0,9375.0,40640.0,9375.0
2019-05-16,9390.0,9375.0,9390.0,9390.0,22672.0,9390.0
2019-05-17,9330.0,9295.0,9315.0,9325.0,108751.0,9325.0
2019-05-20,9255.0,9225.0,9245.0,9240.0,132455.0,9240.0
2019-05-21,9250.0,9220.0,9250.0,9230.0,50960.0,9230.0
2019-05-22,9225.0,9205.0,9210.0,9210.0,39781.0,9210.0
2019-05-23,9225.0,9200.0,9215.0,9225.0,25362.0,9225.0
2019-05-24,9295.0,9270.0,9280.0,9285.0,101196.0,9285.0
2019-05-27,9315.0,9280.0,9300.0,9310.0,81101.0,9310.0
2019-05-28,9305.0,9270.0,9290.0,9285.0,44080.0,9285.0
2019-05-29,9285.0,9245.0,9260.0,9285.0,29794.0,9285.0
2019-05-30,9260.0,9230.0,9260.0,9240.0,42408.0,9240.0
2019-05-31,9360.0,9320.0,9320.0,9350.0,63464.0,9350.0
2019-06-03,9500.0,9460.0,9460.0,9490.0,94358.0,9490.0
2019-06-04,9600.0,9550.0,9585.0,9595.0,124033.0,9595.0
2019-06-05,9620.0,9575.0,9575.0,9620.0,120826.0,9620.0
2019-06-07,9645.0,9605.0,9635.0,9605.0,98804.0,9605.0
2019-06-10,9655.0,9575.0,9635.0,9580.0,129363.0,9580.0
2019-06-11,9610.0,9585.0,9590.0,9595.0,110690.0,9595.0
2019-06-12,9665.0,9575.0,9585.0,9655.0,65389.0,9655.0
2019-06-13,9670.0,9620.0,9645.0,9670.0,119511.0,9670.0
2019-06-14,9750.0,9695.0,9695.0,9750.0,109710.0,9750.0
2019-06-17,9700.0,9660.0,9685.0,9685.0,86468.0,9685.0
2019-06-18,9740.0,9665.0,9670.0,9740.0,35409.0,9740.0
2019-06-19,9730.0,9700.0,9730.0,9720.0,82006.0,9720.0
2019-06-20,10045.0,9795.0,9795.0,9990.0,386490.0,9990.0
2019-06-21,10195.0,10035.0,10035.0,10080.0,804333.0,10080.0
2019-06-24,10185.0,10120.0,10160.0,10150.0,153826.0,10150.0
2019-06-25,10385.0,10250.0,10280.0,10310.0,195807.0,10310.0
2019-06-26,10250.0,10130.0,10245.0,10170.0,172416.0,10170.0
2019-06-27,10190.0,10130.0,10170.0,10145.0,95141.0,10145.0
2019-06-28,10280.0,10170.0,10170.0,10220.0,104299.0,10220.0
2019-07-01,10075.0,9995.0,10030.0,9995.0,169799.0,9995.0
2019-07-02,10055.0,9980.0,9995.0,10035.0,97027.0,10035.0
2019-07-03,10355.0,10245.0,10315.0,10290.0,130499.0,10290.0
2019-07-04,10260.0,10200.0,10245.0,10215.0,91053.0,10215.0
2019-07-05,10260.0,10195.0,10250.0,10195.0,122094.0,10195.0
2019-07-08,10140.0,10065.0,10075.0,10130.0,68680.0,10130.0
2019-07-09,10075.0,10030.0,10070.0,10055.0,135078.0,10055.0
2019-07-10,10065.0,10025.0,10060.0,10040.0,65076.0,10040.0
2019-07-11,10285.0,10235.0,10240.0,10235.0,69714.0,10235.0
2019-07-12,10165.0,10120.0,10130.0,10155.0,45377.0,10155.0
2019-07-15,10220.0,10165.0,10200.0,10205.0,35648.0,10205.0
2019-07-16,10210.0,10170.0,10210.0,10195.0,130657.0,10195.0
2019-07-17,10145.0,10120.0,10145.0,10135.0,33341.0,10135.0
2019-07-18,10295.0,10230.0,10265.0,10245.0,463113.0,10245.0
2019-07-19,10425.0,10390.0,10400.0,10410.0,190111.0,10410.0
2019-07-22,10400.0,10260.0,10400.0,10290.0,121847.0,10290.0
2019-07-23,10270.0,10195.0,10265.0,10220.0,373440.0,10220.0
2019-07-24,10245.0,10200.0,10215.0,10245.0,155832.0,10245.0
2019-07-25,10280.0,10240.0,10260.0,10265.0,76567.0,10265.0
2019-07-26,10220.0,10175.0,10200.0,10205.0,60668.0,10205.0
2019-07-29,10260.0,10210.0,10220.0,10210.0,45131.0,10210.0
2019-07-30,10265.0,10235.0,10255.0,10260.0,211659.0,10260.0
2019-07-31,10320.0,10280.0,10310.0,10310.0,64082.0,10310.0
2019-08-01,10180.0,10120.0,10180.0,10145.0,188987.0,10145.0
2019-08-02,10375.0,10285.0,10335.0,10325.0,119703.0,10325.0
2019-08-05,10520.0,10360.0,10385.0,10520.0,391241.0,10520.0
2019-08-06,10625.0,10485.0,10590.0,10540.0,852528.0,10540.0
2019-08-07,10735.0,10620.0,10630.0,10730.0,471161.0,10730.0
2019-08-08,10850.0,10740.0,10795.0,10805.0,306501.0,10805.0
2019-08-09,10850.0,10790.0,10815.0,10820.0,315421.0,10820.0
2019-08-12,10815.0,10760.0,10815.0,10770.0,310257.0,10770.0
2019-08-13,10965.0,10870.0,10870.0,10965.0,649859.0,10965.0
2019-08-14,10815.0,10750.0,10815.0,10785.0,684033.0,10785.0
2019-08-16,10990.0,10905.0,10985.0,10905.0,542952.0,10905.0
2019-08-19,10875.0,10820.0,10860.0,10830.0,719492.0,10830.0
2019-08-20,10785.0,10740.0,10770.0,10775.0,767506.0,10775.0
2019-08-21,10840.0,10785.0,10820.0,10810.0,351326.0,10810.0
2019-08-22,10815.0,10780.0,10800.0,10805.0,161228.0,10805.0
2019-08-23,10775.0,10735.0,10775.0,10735.0,242586.0,10735.0
2019-08-26,11125.0,11055.0,11105.0,11090.0,458898.0,11090.0
2019-08-27,11040.0,10970.0,11005.0,11040.0,449910.0,11040.0
2019-08-28,11110.0,11015.0,11105.0,11075.0,388474.0,11075.0
2019-08-29,11120.0,11055.0,11070.0,11115.0,216898.0,11115.0
2019-08-30,11020.0,10945.0,10990.0,11005.0,291717.0,11005.0
2019-09-02,11000.0,10940.0,11000.0,10960.0,381434.0,10960.0
2019-09-03,10995.0,10950.0,10985.0,10975.0,212824.0,10975.0
2019-09-04,11145.0,11055.0,11145.0,11055.0,391445.0,11055.0
2019-09-05,11155.0,11075.0,11135.0,11110.0,286785.0,11110.0
2019-09-06,10925.0,10870.0,10900.0,10890.0,502564.0,10890.0
2019-09-09,10875.0,10805.0,10815.0,10845.0,392847.0,10845.0
2019-09-10,10760.0,10675.0,10755.0,10710.0,179891.0,10710.0
2019-09-11,10730.0,10675.0,10675.0,10720.0,149513.0,10720.0
2019-09-16,10845.0,10775.0,10805.0,10825.0,243376.0,10825.0
2019-09-17,10775.0,10735.0,10765.0,10750.0,100061.0,10750.0
2019-09-18,10790.0,10765.0,10765.0,10770.0,64664.0,10770.0
2019-09-19,10760.0,10695.0,10710.0,10735.0,110351.0,10735.0
2019-09-20,10810.0,10745.0,10755.0,10795.0,151471.0,10795.0
2019-09-23,10910.0,10855.0,10865.0,10885.0,211433.0,10885.0
2019-09-24,10935.0,10910.0,10915.0,10930.0,130647.0,10930.0
2019-09-25,11025.0,10970.0,10995.0,10985.0,310936.0,10985.0
2019-09-26,10850.0,10815.0,10820.0,10840.0,187456.0,10840.0
2019-09-27,10825.0,10790.0,10825.0,10800.0,216374.0,10800.0
2019-09-30,10745.0,10690.0,10745.0,10690.0,193072.0,10690.0
2019-10-01,10585.0,10480.0,10580.0,10495.0,308149.0,10495.0
2019-10-02,10640.0,10585.0,10630.0,10595.0,216188.0,10595.0
2019-10-04,10835.0,10805.0,10810.0,10820.0,293465.0,10820.0
2019-10-07,10830.0,10790.0,10820.0,10805.0,54169.0,10805.0
2019-10-08,10715.0,10670.0,10705.0,10685.0,157199.0,10685.0
2019-10-10,10850.0,10790.0,10840.0,10790.0,436381.0,10790.0
2019-10-11,10750.0,10690.0,10725.0,10750.0,91392.0,10750.0
2019-10-14,10675.0,10635.0,10650.0,10675.0,201107.0,10675.0
2019-10-15,10720.0,10685.0,10695.0,10685.0,163270.0,10685.0
2019-10-16,10645.0,10605.0,10625.0,10605.0,146938.0,10605.0
2019-10-17,10700.0,10660.0,10675.0,10695.0,91518.0,10695.0
2019-10-18,10705.0,10680.0,10695.0,10680.0,68101.0,10680.0
2019-10-21,10705.0,10665.0,10685.0,10690.0,63844.0,10690.0
2019-10-22,10645.0,10610.0,10640.0,10640.0,126849.0,10640.0
2019-10-23,10680.0,10655.0,10655.0,10675.0,165190.0,10675.0
2019-10-24,10700.0,10675.0,10695.0,10690.0,191789.0,10690.0
2019-10-25,10785.0,10745.0,10760.0,10785.0,306350.0,10785.0
2019-10-28,10785.0,10760.0,10780.0,10775.0,116010.0,10775.0
2019-10-29,10695.0,10670.0,10690.0,10675.0,111798.0,10675.0
2019-10-30,10665.0,10640.0,10650.0,10655.0,139737.0,10655.0
2019-10-31,10735.0,10690.0,10700.0,10730.0,161192.0,10730.0
2019-11-01,10835.0,10805.0,10825.0,10815.0,134401.0,10815.0
2019-11-04,10840.0,10815.0,10830.0,10820.0,174285.0,10820.0
2019-11-05,10795.0,10760.0,10780.0,10770.0,189226.0,10770.0
2019-11-06,10645.0,10615.0,10630.0,10635.0,114189.0,10635.0
2019-11-07,10685.0,10660.0,10660.0,10680.0,67419.0,10680.0
2019-11-08,10650.0,10495.0,10630.0,10535.0,254897.0,10535.0
2019-11-11,10485.0,10450.0,10465.0,10480.0,83946.0,10480.0
2019-11-12,10475.0,10375.0,10475.0,10375.0,97025.0,10375.0
2019-11-13,10465.0,10425.0,10425.0,10465.0,166432.0,10465.0
2019-11-15,10515.0,10465.0,10505.0,10475.0,85921.0,10475.0
2019-11-18,10510.0,10475.0,10505.0,10485.0,87658.0,10485.0
2019-11-19,10555.0,10505.0,10520.0,10535.0,212834.0,10535.0
2019-11-20,10555.0,10525.0,10545.0,10550.0,217812.0,10550.0
2019-11-21,10560.0,10510.0,10535.0,10525.0,202857.0,10525.0
2019-11-22,10520.0,10470.0,10520.0,10490.0,83232.0,10490.0
2019-11-25,10460.0,10420.0,10450.0,10430.0,60415.0,10430.0
2019-11-26,10430.0,10380.0,10400.0,10420.0,154658.0,10420.0
2019-11-27,10450.0,10425.0,10445.0,10435.0,36282.0,10435.0
2019-11-28,10425.0,10405.0,10425.0,10420.0,59284.0,10420.0
2019-11-29,10435.0,10355.0,10370.0,10430.0,66034.0,10430.0
2019-12-02,10460.0,10430.0,10445.0,10430.0,63320.0,10430.0
2019-12-03,10465.0,10435.0,10460.0,10440.0,59279.0,10440.0
2019-12-04,10590.0,10545.0,10545.0,10580.0,132188.0,10580.0
2019-12-05,10575.0,10530.0,10575.0,10555.0,101860.0,10555.0
2019-12-06,10550.0,10520.0,10550.0,10525.0,187468.0,10525.0
2019-12-09,10445.0,10420.0,10430.0,10445.0,98888.0,10445.0
2019-12-10,10450.0,10425.0,10450.0,10450.0,124242.0,10450.0
2019-12-11,10465.0,10440.0,10450.0,10455.0,41346.0,10455.0
2019-12-12,10540.0,10525.0,10525.0,10535.0,205549.0,10535.0
2019-12-13,10505.0,10460.0,10475.0,10485.0,131047.0,10485.0
2019-12-16,10555.0,10520.0,10520.0,10555.0,48264.0,10555.0
2019-12-17,10560.0,10530.0,10545.0,10560.0,52517.0,10560.0
2019-12-18,10555.0,10530.0,10555.0,10555.0,40886.0,10555.0
2019-12-19,10555.0,10525.0,10545.0,10545.0,55815.0,10545.0
2019-12-20,10570.0,10545.0,10545.0,10565.0,48967.0,10565.0
2019-12-23,10575.0,10550.0,10565.0,10575.0,83470.0,10575.0
2019-12-24,10655.0,10595.0,10595.0,10655.0,300641.0,10655.0
2019-12-26,10750.0,10695.0,10700.0,10745.0,213674.0,10745.0
2019-12-27,10815.0,10775.0,10785.0,10780.0,128961.0,10780.0
2019-12-30,10820.0,10790.0,10790.0,10810.0,160181.0,10810.0
2020-01-02,10850.0,10820.0,10830.0,10845.0,221209.0,10845.0
2020-01-03,11010.0,10895.0,10895.0,11000.0,258781.0,11000.0
2020-01-06,11270.0,11095.0,11095.0,11245.0,656932.0,11245.0
2020-01-07,11180.0,11090.0,11160.0,11180.0,368850.0,11180.0
2020-01-08,11490.0,11295.0,11345.0,11360.0,696311.0,11360.0
2020-01-09,11120.0,11055.0,11090.0,11055.0,343170.0,11055.0
2020-01-10,11070.0,11015.0,11055.0,11035.0,300369.0,11035.0
2020-01-13,11115.0,11070.0,11100.0,11080.0,159170.0,11080.0
2020-01-14,11030.0,10940.0,11030.0,10975.0,375125.0,10975.0
2020-01-15,11070.0,11015.0,11035.0,11060.0,301467.0,11060.0
2020-01-16,11100.0,11050.0,11060.0,11060.0,518246.0,11060.0
2020-01-17,11095.0,11035.0,11060.0,11075.0,163660.0,11075.0
2020-01-20,11140.0,11070.0,11070.0,11140.0,645339.0,11140.0
2020-01-21,11175.0,11110.0,11125.0,11155.0,203777.0,11155.0
2020-01-22,11100.0,11040.0,11070.0,11050.0,186309.0,11050.0
2020-01-23,11130.0,11075.0,11110.0,11080.0,179557.0,11080.0
2020-01-28,11275.0,11240.0,11240.0,11250.0,397153.0,11250.0
2020-01-29,11185.0,11135.0,11185.0,11160.0,245232.0,11160.0
2020-01-30,11245.0,11210.0,11220.0,11225.0,431593.0,11225.0
2020-01-31,11220.0,11180.0,11220.0,11210.0,226277.0,11210.0
2020-02-03,11310.0,11230.0,11305.0,11240.0,312474.0,11240.0
2020-02-04,11250.0,11180.0,11240.0,11180.0,488399.0,11180.0
2020-02-05,11105.0,11045.0,11065.0,11095.0,297412.0,11095.0
2020-02-06,11090.0,11055.0,11090.0,11080.0,299900.0,11080.0
2020-02-07,11165.0,11125.0,11130.0,11125.0,538631.0,11125.0
2020-02-10,11205.0,11155.0,11190.0,11180.0,228118.0,11180.0
2020-02-11,11190.0,11145.0,11180.0,11165.0,324300.0,11165.0
2020-02-12,11160.0,11125.0,11150.0,11130.0,140550.0,11130.0
2020-02-13,11210.0,11155.0,11155.0,11210.0,187406.0,11210.0
2020-02-14,11225.0,11190.0,11210.0,11210.0,287095.0,11210.0
2020-02-17,11265.0,11245.0,11260.0,11255.0,132314.0,11255.0
2020-02-18,11295.0,11260.0,11270.0,11280.0,187103.0,11280.0
2020-02-19,11410.0,11365.0,11370.0,11405.0,263183.0,11405.0
2020-02-20,11460.0,11425.0,11440.0,11440.0,862316.0,11440.0
2020-02-21,11600.0,11515.0,11525.0,11600.0,343506.0,11600.0
2020-02-24,11860.0,11790.0,11825.0,11830.0,636238.0,11830.0
2020-02-25,11800.0,11640.0,11760.0,11640.0,430923.0,11640.0
2020-02-26,11700.0,11635.0,11650.0,11695.0,393673.0,11695.0
2020-02-27,11745.0,11675.0,11675.0,11745.0,183305.0,11745.0
2020-02-28,11720.0,11565.0,11710.0,11615.0,578442.0,11615.0
2020-03-02,11425.0,11250.0,11260.0,11405.0,570575.0,11405.0
2020-03-03,11334.0,11334.0,11334.0,11334.0,0.0,11334.0
2020-03-04,11715.0,11655.0,11710.0,11675.0,314144.0,11675.0
2020-03-05,11670.0,11630.0,11630.0,11660.0,259287.0,11660.0
2020-03-06,11950.0,11850.0,11885.0,11910.0,464061.0,11910.0
2020-03-09,12115.0,11790.0,11885.0,11845.0,680070.0,11845.0
